I,N, 0,-31.765100,80.556500
I,N, 1,-43.811000,50.390400
I,N, 2,33.035100,87.306900
I,N, 3,-63.779000,-58.054000
I,N, 4,1.937840,-5.115340
I,N, 5,21.811900,-71.740500
I,N, 6,-56.944500,36.605200
I,N, 7,4.604390,-89.801900
I,N, 8,-28.292900,66.678400
I,N, 9,6.862120,-43.689400
I,N, 10,68.411000,36.952700
I,N, 11,46.610300,-45.711600
I,N, 12,-27.978100,67.008900
I,N, 13,-49.778700,44.126500
I,N, 14,84.006700,-6.459510
I,N, 15,62.222400,14.417900
I,N, 16,-58.208800,35.278100
I,N, 17,-64.728500,-15.307900
I,N, 18,5.156370,-45.479800
I,N, 19,0.027801,8.919040
I,N, 20,76.857600,-13.963400
I,N, 21,-43.557300,50.656700
I,N, 22,17.991600,-75.750400
I,N, 23,37.865700,-54.890100
I,N, 24,16.065000,-77.772600
I,N, 25,-73.804300,18.908700
I,N, 26,44.700300,-3.973710
I,N, 27,64.574300,-26.856200
I,N, 28,16.396100,-77.425000
I,N, 29,18.212400,71.748700
I,N, 30,-48.039900,34.287300
I,N, 31,41.294000,-74.620400
I,N, 32,1.435550,58.514200
I,N, 33,-38.422900,56.045800
I,N, 34,50.927300,2.562280
I,N, 35,63.856500,16.133000
I,N, 36,-10.731900,-62.156400
I,N, 37,54.985000,54.938900
I,N, 38,-11.267300,-58.343600
I,N, 39,-35.844800,58.751800
I,N, 40,-27.067300,0.893443
I,N, 41,12.255700,14.464200
I,N, 42,21.016900,-28.832300
I,N, 43,-11.896700,60.559600
I,N, 44,51.043300,2.684110
I,N, 45,-23.545000,-39.152200
I,N, 46,15.778000,-78.073800
I,N, 47,74.566300,-60.111100
I,N, 48,37.484700,-11.547300
I,N, 49,50.413900,93.883700
I,N, 50,78.624100,52.047500
I,N, 51,-55.696800,37.914700
I,N, 52,-73.329500,83.563800
I,N, 53,7.684630,-42.826100
I,N, 54,-40.509900,2.823060
I,N, 55,-34.525500,64.511400
I,N, 56,-17.428300,-69.185100
I,N, 57,55.233400,7.082140
I,N, 58,-4.073970,-11.425500
I,N, 59,-74.494300,61.927200
I,N, 60,-39.323000,55.101000
I,N, 61,-4.167960,57.007500
I,N, 62,35.155100,-57.735200
I,N, 63,17.522400,-32.500100
I,N, 64,11.002700,-39.343400
I,N, 65,4.482930,-53.476100
I,N, 66,14.651600,24.268500
I,N, 67,-18.262000,53.878400
I,N, 68,89.129600,42.660300
I,N, 69,71.497000,0.824040
I,N, 70,31.638500,-41.012200
I,N, 71,-15.164800,-66.809300
I,N, 72,24.158200,82.364400
I,N, 73,-15.683900,40.545300
I,N, 74,-11.090800,-62.533100
I,N, 75,-48.172400,89.555200
I,N, 76,-42.188000,52.093800
I,N, 77,-90.382500,-49.524300
I,N, 78,40.626100,-47.617900
I,N, 79,-40.890800,57.830200
I,N, 80,-19.625600,-71.491400
I,N, 81,-67.820100,17.900400
I,N, 82,36.794700,35.846000
I,N, 83,-55.851400,37.752500
I,N, 84,-9.583500,-60.951100
I,N, 85,-38.329000,99.887000
I,N, 86,-71.226300,21.614600
I,N, 87,29.220400,83.302900
I,N, 88,-3.693150,-78.097100
I,N, 89,-10.212900,-17.869000
I,N, 90,27.719000,-21.797600
I,N, 91,-5.194620,-12.601700
I,N, 92,29.976700,-86.499200
I,N, 93,-55.724600,14.556900
I,N, 94,78.060900,-72.482300
I,N, 95,-88.213000,91.270400
I,N, 96,67.798300,-83.254100
I,N, 97,-74.858700,-33.230200
I,N, 98,78.375700,-7.995060
I,N, 99,23.252700,97.453100
I,N, 100,86.192700,39.577600
I,N, 101,49.111100,0.655983
I,N, 102,-62.984000,78.383500
I,N, 103,79.137500,96.329100
I,N, 104,-85.745200,54.492800
I,N, 105,-8.899140,-60.232800
I,N, 106,45.704800,1.455560
I,N, 107,73.915000,90.847400
I,N, 108,-64.573900,-38.474300
I,N, 109,-58.589600,27.588900
I,N, 110,-26.211400,-14.247400
I,N, 111,-68.846700,-19.630400
I,N, 112,46.897300,-1.667690
I,N, 113,-88.814800,46.896100
I,N, 114,7.463920,21.099000
I,N, 115,-62.956400,-64.480000
I,N, 116,-0.016367,-2.791660
I,N, 117,39.306700,-60.667100
I,N, 118,-79.717000,56.445400
I,N, 119,62.404500,14.609100
I,N, 120,51.716800,-40.351700
I,N, 121,-75.659200,21.336600
I,N, 122,-12.719200,-64.242400
I,N, 123,33.548700,-59.421300
I,N, 124,-47.984500,89.752400
I,N, 125,-46.151900,91.676000
I,N, 126,0.116008,-50.770300
I,N, 127,88.058700,41.536200
I,N, 128,-89.328100,-41.128100
I,N, 129,40.289300,-8.603540
I,N, 130,-27.354200,7.881860
I,N, 131,89.775500,20.009500
I,N, 132,-40.377400,53.994300
I,N, 133,5.890540,-44.709200
I,N, 134,-38.135900,-86.545500
I,N, 135,51.197900,7.221220
I,N, 136,48.846200,-43.364700
I,N, 137,0.651684,-13.754800
I,N, 138,-50.303400,91.693300
I,N, 139,69.592300,81.935400
I,N, 140,-38.334700,99.881100
I,N, 141,5.156370,-45.479800
I,N, 142,-43.038100,0.169336
I,N, 143,57.408600,-13.963400
I,N, 144,-32.444400,-84.946300
I,N, 145,-38.964100,91.930900
I,N, 146,35.088800,-9.687220
I,N, 147,-0.601602,-51.523500
I,N, 148,-75.189900,-49.617100
I,N, 149,-88.654600,-20.007100
I,N, 150,60.411800,12.534600
I,N, 151,76.134200,-30.761900
I,N, 152,61.278400,-90.097600
I,N, 153,-36.927000,-2.165930
I,N, 154,62.128600,14.319500
I,N, 155,9.766080,-40.641300
I,N, 156,-34.260400,-66.438400
I,N, 157,9.246970,22.970500
I,N, 158,63.850900,96.323200
I,N, 159,54.554300,-32.998500
I,N, 160,56.370700,56.393300
I,N, 161,-33.498600,-86.052900
I,N, 162,78.061000,-63.732400
I,N, 163,27.106000,-89.512400
I,N, 164,35.867200,-13.245100
I,N, 165,44.628300,-27.377900
I,N, 166,-21.623900,-25.471400
I,N, 167,6.586200,20.177700
I,N, 168,-52.721200,84.780700
I,N, 169,8.827630,-41.626400
I,N, 170,-76.857300,-23.663600
I,N, 171,-59.760100,10.321200
I,N, 172,-27.381900,-75.257800
I,N, 173,-67.240400,-73.351400
I,N, 174,-19.581300,-71.444900
I,N, 175,-6.652060,-9.756620
I,N, 176,-54.830300,38.824300
I,N, 177,72.010300,-58.419000
I,N, 178,16.870900,-56.512600
I,N, 179,90.923900,5.175710
I,N, 180,-12.835200,82.903200
I,N, 181,83.443600,-2.675760
I,N, 182,1.910360,-0.769324
I,N, 183,19.023900,33.232600
I,N, 184,12.504200,-81.510100
I,N, 185,58.772100,10.796400
I,N, 186,-61.659100,31.656600
I,N, 187,-79.291700,77.305700
I,N, 188,-13.574800,-65.140500
I,N, 189,-0.629339,-3.435050
I,N, 190,-7.149090,-14.653200
I,N, 191,-66.456500,26.621100
I,N, 192,-72.976300,56.231100
I,N, 193,-22.540300,12.934600
I,N, 194,1.501800,-44.940900
I,N, 195,-53.637600,88.193700
I,N, 196,73.219300,-29.446500
I,N, 197,81.980500,-59.618500
I,N, 198,72.683900,-18.344200
I,N, 199,-88.030800,3.976270
I,N, 200,49.922700,37.961100
I,N, 201,-88.566200,83.610200
I,N, 202,27.177800,-61.733500
I,N, 203,-62.691500,46.612100
I,N, 204,11.361400,-38.966900
I,N, 205,-78.507900,6.682280
I,N, 206,-76.691600,-51.193200
I,N, 207,-10.974700,84.856000
I,N, 208,54.742200,-16.762100
I,N, 209,-75.394400,17.239800
I,N, 210,-24.958400,62.888900
I,N, 211,86.601200,44.381300
I,N, 212,-28.270700,-80.565500
I,N, 213,26.333300,24.865500
I,N, 214,54.543400,-16.970800
I,N, 215,79.993000,33.070300
I,N, 216,35.966500,51.015900
I,N, 217,-38.621800,55.837000
I,N, 218,50.712100,-41.406300
I,N, 219,83.090200,36.321200
I,N, 220,-67.902800,25.103100
I,N, 221,-54.973600,-88.179400
I,N, 222,30.208600,-86.255800
I,N, 223,38.969800,-9.988560
I,N, 224,-77.293400,-51.824800
I,N, 225,49.547200,-49.918400
I,N, 226,88.870300,-1.354620
I,N, 227,-87.125400,48.669400
I,N, 228,-36.673100,-52.931700
I,N, 229,-34.856800,36.460200
I,N, 230,-48.321400,38.366600
I,N, 231,-24.279300,70.891200
I,N, 232,-0.237211,13.015700
I,N, 233,-6.756960,-14.241600
I,N, 234,2.004220,-72.117000
I,N, 235,31.621800,-17.701100
I,N, 236,70.944900,87.729900
I,N, 237,57.480300,73.597200
I,N, 238,32.902700,-55.724500
I,N, 239,-0.010846,52.621200
I,N, 240,74.042100,26.824100
I,N, 241,-0.529959,-58.737800
I,N, 242,36.016200,-56.831300
I,N, 243,53.113500,4.856980
I,N, 244,54.929800,6.763410
I,N, 245,41.465200,72.826600
I,N, 246,-66.461900,-12.752400
I,N, 247,45.097800,-47.299200
I,N, 248,-82.261900,-29.336400
I,N, 249,-65.164700,76.094600
I,N, 250,13.056300,-37.187900
I,N, 251,6.536510,-7.577960
I,N, 252,-86.109600,97.853100
I,N, 253,14.337200,12.274100
I,N, 254,-89.405600,46.276000
I,N, 255,-87.589300,48.182400
I,N, 256,8.689470,-81.139200
I,N, 257,82.742400,-90.897100
I,N, 258,-5.735690,-13.169600
I,N, 259,-3.919380,-11.263200
I,N, 260,-71.562900,21.261400
I,N, 261,85.855900,39.224100
I,N, 262,-37.352100,-90.097600
I,N, 263,-77.210500,59.076200
I,N, 264,-22.606600,-70.245500
I,N, 265,-13.845400,81.842900
I,N, 266,-27.310000,44.381400
I,N, 267,-36.590300,-84.923100
I,N, 268,22.181700,-23.234800
I,N, 269,-59.351500,82.196200
I,N, 270,41.095200,40.359900
I,N, 271,-40.438000,58.305600
I,N, 272,-65.015500,92.290400
I,N, 273,50.728500,6.728510
I,N, 274,-30.804700,-35.107800
I,N, 275,-70.663200,81.987600
I,N, 276,-20.227200,-12.341100
I,N, 277,-79.534700,93.089900
I,N, 278,88.980700,19.175300
I,N, 279,44.954200,76.488800
I,N, 280,73.180700,-84.894100
I,N, 281,-12.520600,16.162000
I,N, 282,15.689600,-57.752600
I,N, 283,-50.562700,47.678400
I,N, 284,49.884000,93.327500
I,N, 285,-70.547100,66.070200
I,N, 286,10.467000,24.251100
I,N, 287,-44.672400,10.118300
I,N, 288,-12.294200,-59.421400
I,N, 289,-10.477900,-57.515000
I,N, 290,59.407000,-71.647800
I,N, 291,23.716600,17.744100
I,N, 292,17.196800,47.354000
I,N, 293,-44.871100,93.020300
I,N, 294,-9.716130,-24.637100
I,N, 295,26.830100,-22.730600
I,N, 296,39.759300,38.957700
I,N, 297,83.250300,40.864100
I,N, 298,43.391900,-88.457600
I,N, 299,-38.125000,-42.791300
I,N, 300,-25.195800,2.857830
I,N, 301,48.857100,4.764260
I,N, 302,50.673400,-21.032800
I,N, 303,-19.746900,75.648500
I,N, 304,-37.379600,77.554900
I,N, 305,28.337300,-21.148600
I,N, 306,-53.179600,84.299500
I,N, 307,43.099100,-1.279430
I,N, 308,18.521600,16.666200
I,N, 309,-78.292500,18.572600
I,N, 310,-65.363300,-83.045500
I,N, 311,35.083400,50.089000
I,N, 312,-42.265500,95.755300
I,N, 313,-71.011000,21.840600
I,N, 314,82.223400,83.528900
I,N, 315,68.758800,-18.089200
I,N, 316,28.900300,-59.925500
I,N, 317,-10.958100,45.505500
I,N, 318,-70.265500,66.365800
I,N, 319,26.029500,-19.196100
I,N, 320,-59.671700,-33.328800
I,N, 321,-31.461600,-3.718870
I,N, 322,-40.758200,74.008600
I,N, 323,66.633400,19.047800
I,N, 324,75.394600,28.243700
I,N, 325,64.723100,17.042700
I,N, 326,54.035400,-37.918100
I,N, 327,-46.946800,7.731050
I,N, 328,64.612900,9.637480
I,N, 329,55.316300,55.286600
I,N, 330,48.796500,0.325803
I,N, 331,4.770020,-85.253200
I,N, 332,-39.240200,98.930700
I,N, 333,83.432400,-58.094500
I,N, 334,65.799800,34.212000
I,N, 335,48.167100,68.196800
I,N, 336,61.096300,13.235900
I,N, 337,-34.326700,16.602600
I,N, 338,-47.775000,6.861790
I,N, 339,56.839800,8.768230
I,N, 340,-17.748500,54.417400
I,N, 341,75.753400,76.737800
I,N, 342,73.401600,26.151900
I,N, 343,-24.803700,-12.769800
I,N, 344,-18.819400,-70.645200
I,N, 345,-73.942400,18.763700
I,N, 346,-15.170400,41.084200
I,N, 347,54.714500,70.694100
I,N, 348,-61.548600,75.515200
I,N, 349,34.730100,-10.063800
I,N, 350,-88.477900,95.367300
I,N, 351,-82.477300,9.805400
I,N, 352,13.801500,71.493700
I,N, 353,-14.944100,13.618300
I,N, 354,17.434100,15.524700
I,N, 355,19.250400,-26.311600
I,N, 356,28.011600,-21.490500
I,N, 357,0.657205,-6.459510
I,N, 358,-51.689000,85.864100
I,N, 359,-8.197960,-59.496800
I,N, 360,-78.618300,18.230700
I,N, 361,74.616100,-83.387400
I,N, 362,-22.198000,49.747100
I,N, 363,-84.282300,51.653500
I,N, 364,-75.504800,-49.947500
I,N, 365,47.167800,-1.383740
I,N, 366,-80.208200,60.304600
I,N, 367,-86.728000,21.382900
I,N, 368,20.663700,23.289400
I,N, 369,11.367100,-62.289600
I,N, 370,20.144600,-73.490600
I,N, 371,-61.388700,31.940400
I,N, 372,83.509700,36.761500
I,N, 373,-85.541100,6.589560
I,N, 374,74.638200,-16.292900
I,N, 375,-52.737800,45.395400
I,N, 376,6.034220,63.341100
I,N, 377,-60.201800,37.561100
I,N, 378,-9.765820,86.124800
I,N, 379,-5.172670,-56.321400
I,N, 380,-57.535200,35.985100
I,N, 381,87.363200,40.806200
I,N, 382,-44.180900,50.002100
I,N, 383,85.452900,-4.941620
I,N, 384,33.090300,-16.159700
I,N, 385,-60.947000,32.404000
I,N, 386,-39.681700,98.467200
I,N, 387,10.754200,52.256100
I,N, 388,-22.159400,29.373600
I,N, 389,-82.858000,9.405820
I,N, 390,46.775800,41.947500
I,N, 391,-84.768200,0.111249
I,N, 392,22.623400,16.596700
I,N, 393,-10.290200,18.503100
I,N, 394,-23.754800,4.370330
I,N, 395,-52.500400,-69.544300
I,N, 396,17.400800,91.310900
I,N, 397,26.162000,64.053600
I,N, 398,-10.919600,77.624300
I,N, 399,-2.158420,34.327900
I,N, 400,32.996600,20.195100
I,N, 401,87.600600,33.765900
I,N, 402,74.135900,26.922600
I,N, 403,-15.717000,-67.389000
I,N, 404,84.729700,14.713400
I,N, 405,-80.153000,-70.865600
I,N, 406,89.753500,3.947300
I,N, 407,8.220310,61.260800
I,N, 408,16.981500,-33.067900
I,N, 409,-90.929300,44.676700
I,N, 410,-78.000000,-84.645000
I,N, 411,-60.902800,52.864400
I,N, 412,61.769800,-29.799900
I,N, 413,-61.438200,31.888400
I,N, 414,41.785400,-7.033220
I,N, 415,17.207900,-28.455500
I,N, 416,-29.579200,-81.938900
I,N, 417,29.192800,-63.993300
I,N, 418,33.786000,-59.172300
I,N, 419,57.828100,97.290900
I,N, 420,-36.209200,-8.702060
I,N, 421,-84.403700,-8.255840
I,N, 422,-11.725700,-31.121200
I,N, 423,38.710300,-10.260900
I,N, 424,-40.046100,70.381200
I,N, 425,71.513600,28.544900
I,N, 426,-18.355700,77.108700
I,N, 427,-1.258480,-8.470260
I,N, 428,-3.610200,-50.306500
I,N, 429,-17.058500,98.884300
I,N, 430,-11.074200,-14.398200
I,N, 431,58.810700,-56.234400
I,N, 432,34.233200,5.453870
I,N, 433,24.936600,-64.085900
I,N, 434,83.708600,-89.883000
I,N, 435,-58.932000,-64.630800
I,N, 436,-68.228600,-74.388700
I,N, 437,51.667100,-40.403900
I,N, 438,-60.428000,81.066300
I,N, 439,88.638400,-1.598020
I,N, 440,44.611900,-71.137800
I,N, 441,-48.034200,-80.895700
I,N, 442,-76.763500,15.802700
I,N, 443,-83.283200,8.959460
I,N, 444,-62.017900,75.022600
I,N, 445,-90.763500,92.968200
I,N, 446,-73.666300,-48.017800
I,N, 447,54.565500,6.381080
I,N, 448,7.778490,-42.727600
I,N, 449,69.327300,21.875400
I,N, 450,86.424600,60.235000
I,N, 451,11.836200,-82.211200
I,N, 452,-43.303200,55.298200
I,N, 453,34.917800,-57.984300
I,N, 454,54.791900,-21.084800
I,N, 455,-60.063700,77.073800
I,N, 456,-51.302600,42.527000
I,N, 457,-23.092400,-70.755500
I,N, 458,-40.725100,53.629400
I,N, 459,-65.302600,-27.574700
I,N, 460,-56.541400,80.770900
I,N, 461,-54.708800,38.951800
I,N, 462,6.840040,-43.712600
I,N, 463,-58.021100,83.592700
I,N, 464,0.750933,-45.729000
I,N, 465,-84.950300,-59.861700
I,N, 466,72.452100,89.312000
I,N, 467,63.155500,-51.674000
I,N, 468,-29.474300,-61.414800
I,N, 469,-23.489900,76.094600
I,N, 470,35.282100,-53.227100
I,N, 471,59.324200,11.375900
I,N, 472,72.253400,73.064200
I,N, 473,-44.009700,93.924400
I,N, 474,14.778600,-31.005300
I,N, 475,-73.699500,62.761400
I,N, 476,-14.927500,80.707000
I,N, 477,4.946570,-45.700000
I,N, 478,-23.799000,-27.754400
I,N, 479,34.973000,93.715800
I,N, 480,-31.279300,-79.348600
I,N, 481,-86.402400,5.685540
I,N, 482,-20.685500,-36.150700
I,N, 483,-56.375900,85.319500
I,N, 484,21.845000,-27.963000
I,N, 485,-15.236600,-66.884600
I,N, 486,58.816400,-32.899800
I,N, 487,3.693280,-3.272780
I,N, 488,49.961200,1.548280
I,N, 489,-53.797800,83.650600
I,N, 490,-47.813500,46.189200
I,N, 491,70.691000,23.306800
I,N, 492,7.215600,-43.318400
I,N, 493,-63.188400,78.168900
I,N, 494,-23.865400,71.325700
I,N, 495,80.749400,33.864200
I,N, 496,40.891000,-7.972020
I,N, 497,73.269100,26.012800
I,N, 498,44.523600,43.958400
I,N, 499,-21.728700,-69.324100
I,N, 500,25.946700,24.459700
I,N, 501,31.931000,-61.119300
I,N, 502,-14.872300,80.765000
I,N, 503,43.899700,-4.813990
I,N, 504,56.828900,13.131600
I,N, 505,73.926100,74.819900
I,N, 506,-45.097500,92.782700
I,N, 507,-54.394100,39.282100
I,N, 508,-78.971600,57.227700
I,N, 509,-16.031600,-67.719100
I,N, 510,-44.777200,97.493800
I,N, 511,-5.454110,-56.616800
I,N, 512,11.643100,-34.296300
I,N, 513,-54.592900,-16.333600
I,N, 514,52.798800,64.308500
I,N, 515,57.391900,-34.395000
I,N, 516,66.153100,-48.527700
I,N, 517,79.082300,-62.660500
I,N, 518,-21.899900,13.606800
I,N, 519,66.059100,54.898200
I,N, 520,6.751700,-11.726900
I,N, 521,-17.825800,-65.227500
I,N, 522,89.565800,-72.070800
I,N, 523,41.371300,-51.210600
I,N, 524,16.793800,-28.890100
I,N, 525,40.835900,-51.772500
I,N, 526,-29.568100,-77.552500
I,N, 527,62.542600,-28.988700
I,N, 528,-23.158700,76.442300
I,N, 529,-10.229500,-84.957800
I,N, 530,-58.424000,23.387900
I,N, 531,75.361500,28.209000
I,N, 532,7.734320,44.711500
I,N, 533,-14.066400,-29.203200
I,N, 534,-16.418100,67.478200
I,N, 535,64.579700,-38.514800
I,N, 536,-47.515400,-80.351100
I,N, 537,-80.428900,44.033700
I,N, 538,-6.376010,-53.209600
I,N, 539,-12.879500,-64.410600
I,N, 540,-87.467800,84.763100
I,N, 541,-70.370600,-16.855000
I,N, 542,14.795300,-58.691300
I,N, 543,-47.289000,90.482400
I,N, 544,40.653700,-8.221070
I,N, 545,-75.593100,60.773800
I,N, 546,24.853600,-24.805100
I,N, 547,-60.847600,80.625900
I,N, 548,81.273900,-48.695800
I,N, 549,-41.934100,56.735200
I,N, 550,-85.960500,-44.882900
I,N, 551,7.541350,0.766226
I,N, 552,5.205930,-84.795600
I,N, 553,63.977900,64.378100
I,N, 554,85.243200,38.581000
I,N, 555,-90.752500,49.237100
I,N, 556,9.694310,-36.341800
I,N, 557,-30.164100,-34.435400
I,N, 558,88.356700,41.849000
I,N, 559,-1.512580,27.716300
I,N, 560,-74.709700,61.701100
I,N, 561,-31.218700,-83.659800
I,N, 562,-7.176560,65.513900
I,N, 563,25.201600,23.677700
I,N, 564,-56.331600,-61.901300
I,N, 565,85.806200,43.546800
I,N, 566,4.272990,-2.664300
I,N, 567,-39.753500,-44.500600
I,N, 568,-37.937200,-42.594100
I,N, 569,20.834800,-24.648500
I,N, 570,14.315100,-35.866600
I,N, 571,-44.976000,49.167500
I,N, 572,-58.440700,-32.036700
I,N, 573,-34.398600,16.527100
I,N, 574,-21.469300,30.097900
I,N, 575,-34.934000,20.340000
I,N, 576,-74.792400,38.285600
I,N, 577,14.541400,28.527700
I,N, 578,-62.807500,-73.073300
I,N, 579,75.146000,-82.831200
I,N, 580,-9.164020,-12.393200
I,N, 581,41.271900,-51.314900
I,N, 582,-37.484500,-90.236500
I,N, 583,67.130300,19.569400
I,N, 584,71.739800,24.407600
I,N, 585,-7.016580,33.603500
I,N, 586,-5.200280,-51.975500
I,N, 587,53.571700,-34.029900
I,N, 588,20.658100,-29.208800
I,N, 589,-19.200300,-71.045100
I,N, 590,35.403700,-9.356760
I,N, 591,-4.438500,-7.433220
I,N, 592,4.322680,-46.354900
I,N, 593,-74.433700,61.990800
I,N, 594,-19.829700,-67.330900
I,N, 595,-48.575300,89.132300
I,N, 596,6.028700,63.335300
I,N, 597,-18.532500,-65.969300
I,N, 598,-51.446100,86.119100
I,N, 599,-12.123100,0.540082
I,N, 600,53.593800,5.361150
I,N, 601,-16.826500,-64.178600
I,N, 602,41.945500,-2.490320
I,N, 603,50.723000,2.347860
I,N, 604,52.539300,4.254300
I,N, 605,-74.836700,22.199900
I,N, 606,-16.064700,-63.379100
I,N, 607,-10.080400,-61.472600
I,N, 608,44.523600,-71.230500
I,N, 609,-74.516400,61.904000
I,N, 610,-61.570900,36.124000
I,N, 611,31.931000,-17.376600
I,N, 612,-73.219200,95.343900
I,N, 613,31.395600,-17.938500
I,N, 614,-12.630900,87.492500
I,N, 615,11.411200,-38.914600
I,N, 616,-28.430900,-60.319700
I,N, 617,87.296800,1.368640
I,N, 618,-88.698900,47.017800
I,N, 619,-3.533040,97.041800
I,N, 620,-80.898200,55.205500
I,N, 621,-34.630300,-87.240700
I,N, 622,11.637600,-38.677000
I,N, 623,-32.372600,-36.753400
I,N, 624,-23.611400,71.592200
I,N, 625,87.948300,45.795200
I,N, 626,-8.865890,-60.197800
I,N, 627,-2.881550,-10.173900
I,N, 628,-88.582800,-35.970900
I,N, 629,-71.469300,25.734500
I,N, 630,-62.708100,74.298300
I,N, 631,-76.172700,60.165500
I,N, 632,-63.243500,66.446800
I,N, 633,-87.821000,-35.171400
I,N, 634,-79.059800,57.135100
I,N, 635,74.174600,-12.404700
I,N, 636,-49.017100,-54.223800
I,N, 637,-88.875500,46.832300
I,N, 638,37.965000,-54.785800
I,N, 639,13.387500,-20.801000
I,N, 640,61.046600,13.183800
I,N, 641,-20.486600,74.872100
I,N, 642,-57.551900,79.710300
I,N, 643,47.062900,-1.493840
I,N, 644,-88.649200,47.069900
I,N, 645,64.585200,37.312000
I,N, 646,-4.443890,-55.556400
I,N, 647,57.105000,9.046530
I,N, 648,17.246500,-32.789700
I,N, 649,71.866800,-14.827000
I,N, 650,36.176300,-12.920600
I,N, 651,-34.244000,-86.835200
I,N, 652,5.079070,-1.818230
I,N, 653,70.795900,-75.732900
I,N, 654,-78.805900,18.033800
I,N, 655,-42.243400,95.778400
I,N, 656,1.247700,-5.839720
I,N, 657,44.738800,-47.676000
I,N, 658,-67.356300,69.419400
I,N, 659,-12.752300,87.365000
I,N, 660,-60.946900,32.404200
I,N, 661,-89.692400,50.349800
I,N, 662,-33.680900,61.023000
I,N, 663,82.046700,35.225900
I,N, 664,-3.654500,-50.353000
I,N, 665,55.117500,-32.407400
I,N, 666,-68.090500,73.023600
I,N, 667,51.805200,3.483830
I,N, 668,-33.879700,21.446600
I,N, 669,81.848000,39.392200
I,N, 670,-8.021290,-59.311300
I,N, 671,9.075950,-41.365700
I,N, 672,63.679900,-23.420100
I,N, 673,72.441100,-18.599000
I,N, 674,43.695500,-0.653423
I,N, 675,-37.821400,-86.215300
I,N, 676,-29.060200,-81.394200
I,N, 677,-16.131000,44.450800
I,N, 678,69.034900,-22.174300
I,N, 679,31.953200,-17.353200
I,N, 680,-31.522200,-83.978400
I,N, 681,38.379000,-49.976500
I,N, 682,-36.209300,-88.898100
I,N, 683,-64.954900,32.572100
I,N, 684,35.491900,-9.264180
I,N, 685,2.578280,-48.185800
I,N, 686,30.788400,41.206000
I,N, 687,-54.912800,-0.630243
I,N, 688,16.379600,-77.442400
I,N, 689,77.928400,-12.839400
I,N, 690,82.521600,95.506200
I,N, 691,7.933210,-49.854600
I,N, 692,-66.655100,-77.111900
I,N, 693,78.243200,-63.541200
I,N, 694,7.839220,37.532100
I,N, 695,5.487500,78.806400
I,N, 696,-60.764800,80.712800
I,N, 697,-67.284500,25.752000
I,N, 698,62.332900,14.533900
I,N, 699,-27.536400,-43.341600
I,N, 700,-3.494260,92.707600
I,N, 701,62.238900,94.631200
I,N, 702,29.325300,23.631200
I,N, 703,60.312300,72.194900
I,N, 704,42.679700,-29.423200
I,N, 705,36.159900,30.804900
I,N, 706,-64.822300,28.336500
I,N, 707,88.428500,46.299200
I,N, 708,-43.115600,51.120300
I,N, 709,-38.522400,99.684000
I,N, 710,57.756300,-29.637600
I,N, 711,9.561800,2.886940
I,N, 712,-76.139400,-82.692000
I,N, 713,0.706634,-50.150300
I,N, 714,31.693600,-17.625700
I,N, 715,40.454800,11.984200
I,N, 716,-71.640300,57.633300
I,N, 717,28.806500,39.125700
I,N, 718,-19.388000,-71.242100
I,N, 719,-67.582500,61.892400
I,N, 720,6.486690,-28.044300
I,N, 721,41.641700,-7.184030
I,N, 722,-39.891500,54.504300
I,N, 723,63.332100,-71.902700
I,N, 724,-90.437800,-81.660600
I,N, 725,-58.059600,-63.715000
I,N, 726,38.235500,-54.502000
I,N, 727,-40.520900,53.843700
I,N, 728,29.364000,28.046600
I,N, 729,-78.563100,-85.235900
I,N, 730,-65.633900,4.155920
I,N, 731,-17.974800,81.883400
I,N, 732,3.290500,-3.695550
I,N, 733,-82.394400,14.267200
I,N, 734,-73.633300,19.088200
I,N, 735,-87.097900,-50.451500
I,N, 736,13.348900,11.236800
I,N, 737,-87.633300,48.136200
I,N, 738,23.926400,-65.146300
I,N, 739,86.882700,-3.440840
I,N, 740,49.801100,1.380230
I,N, 741,62.730300,-68.159600
I,N, 742,79.827500,81.014200
I,N, 743,46.913900,-1.650170
I,N, 744,-23.506400,-27.447300
I,N, 745,-36.971000,-25.540800
I,N, 746,13.481300,-80.484500
I,N, 747,-56.939100,80.353500
I,N, 748,28.226800,-60.632500
I,N, 749,-17.185400,34.594400
I,N, 750,11.024800,24.836500
I,N, 751,-78.844500,57.361100
I,N, 752,63.293300,15.542000
I,N, 753,15.098800,45.151900
I,N, 754,-40.040600,90.801000
I,N, 755,-45.169200,92.707500
I,N, 756,20.547700,-52.653400
I,N, 757,-87.379300,-39.082600
I,N, 758,20.012300,50.309200
I,N, 759,-87.898400,4.115220
I,N, 760,54.223100,74.553200
I,N, 761,-45.367900,48.756100
I,N, 762,-82.449500,9.834520
I,N, 763,9.661180,-84.494200
I,N, 764,25.367200,-24.266000
I,N, 765,27.199800,-22.342500
I,N, 766,-77.950400,14.556900
I,N, 767,44.722200,-47.693400
I,N, 768,-29.866100,65.027100
I,N, 769,59.467700,-32.216200
I,N, 770,-30.401600,25.097300
I,N, 771,-59.147100,34.293200
I,N, 772,2.418040,-48.354000
I,N, 773,-19.382600,-71.236500
I,N, 774,-52.296200,85.226800
I,N, 775,-15.750000,79.843700
I,N, 776,-90.338400,1.554220
I,N, 777,-46.847300,47.203400
I,N, 778,71.673500,-19.404700
I,N, 779,76.266700,-14.583600
I,N, 780,80.859800,-9.762550
I,N, 781,28.497300,-64.723400
I,N, 782,-75.261700,61.121700
I,N, 783,84.917600,-5.503470
I,N, 784,50.618300,-41.504700
I,N, 785,-50.347500,43.529400
I,N, 786,68.157000,-23.095700
I,N, 787,72.750100,-18.274700
I,N, 788,28.723700,-64.485800
I,N, 789,-34.751800,59.899100
I,N, 790,-56.552500,37.016600
I,N, 791,-51.943000,41.854800
I,N, 792,-73.743700,18.972300
I,N, 793,29.479900,-63.692000
I,N, 794,-18.714600,76.732000
I,N, 795,-55.796200,81.553100
I,N, 796,-77.596900,58.670700
I,N, 797,82.582400,-7.954500
I,N, 798,-79.507200,12.922900
I,N, 799,23.716400,-69.741500
I,N, 800,85.265300,-5.138520
I,N, 801,-76.840600,15.721700
I,N, 802,-0.010846,96.363900
I,N, 803,-78.767200,13.699500
I,N, 804,24.472700,-68.947700
I,N, 805,-12.608900,83.140700
I,N, 806,7.265160,-43.266400
I,N, 807,27.139200,-66.148800
I,N, 808,55.349400,-20.499700
I,N, 809,-45.632800,48.478100
I,N, 810,-82.714400,9.556490
I,N, 811,20.525500,-73.090700
I,N, 812,40.399600,-52.230500
I,N, 813,60.273700,-31.370200
I,N, 814,64.866800,-26.549200
I,N, 815,68.074300,-23.182500
I,N, 816,46.273600,-46.065000
I,N, 817,66.164000,-25.187600
I,N, 818,17.969500,-75.773600
I,N, 819,37.843600,-54.913300
I,N, 820,-10.350900,85.510700
I,N, 821,-47.432500,46.589100
I,N, 822,14.116300,-47.739600
I,N, 823,7.596560,-42.918500
I,N, 824,-82.256400,53.779900
I,N, 825,-35.988500,58.601000
I,N, 826,25.560300,-67.806100
I,N, 827,3.759660,-46.945800
I,N, 828,50.027600,-42.124700
I,N, 829,12.946000,-81.046400
I,N, 830,-65.794100,27.316400
I,N, 831,-87.594800,4.433940
I,N, 832,30.909800,-62.191200
I,N, 833,-6.171860,-57.370100
I,N, 834,-84.928200,7.232810
I,N, 835,75.251100,-15.649600
I,N, 836,-86.854800,5.210620
I,N, 837,1.104150,-49.733100
I,N, 838,-77.652200,14.869900
I,N, 839,-0.822446,-63.419600
I,N, 840,-86.523700,5.558180
I,N, 841,-66.649600,26.418400
I,N, 842,-46.775500,47.278700
I,N, 843,-68.559900,24.413300
I,N, 844,-90.360600,1.530900
I,N, 845,-85.767400,6.351970
I,N, 846,-24.218600,70.954900
I,N, 847,22.049300,-71.491300
I,N, 848,-41.426100,68.932700
I,N, 849,-63.226800,30.011100
I,N, 850,-1.661650,-52.636100
I,N, 851,18.212400,-75.518600
I,N, 852,-3.588250,-54.658300
I,N, 853,42.679700,-49.837300
I,N, 854,62.553700,-28.977000
I,N, 855,40.753100,-8.116760
I,N, 856,87.037300,40.464100
I,N, 857,-90.349500,1.542490
I,N, 858,69.829800,-21.340000
I,N, 859,52.197100,-39.847600
I,N, 860,-26.559300,68.498100
I,N, 861,76.664300,-14.166200
I,N, 862,-85.425300,6.711120
I,N, 863,74.754000,-16.171300
I,N, 864,-72.070900,-82.796500
I,N, 865,-6.354050,-57.561400
I,N, 866,55.194800,-36.701100
I,N, 867,18.113200,-75.622800
I,N, 868,-3.687500,92.504800
I,N, 869,16.202900,-77.627800
I,N, 870,77.751700,-13.024900
I,N, 871,-42.679400,51.578100
I,N, 872,-90.873900,-10.672200
I,N, 873,77.641400,46.641200
I,N, 874,55.840800,67.501500
I,N, 875,-64.574100,-74.927600
I,N, 876,-90.542800,-58.442200
I,N, 877,23.793700,17.825100
I,N, 878,-43.849700,-53.174900
I,N, 879,-12.862800,82.874200
I,N, 880,-49.944400,-59.572000
I,N, 881,57.447300,9.405820
I,N, 882,88.450600,41.947500
I,N, 883,-31.980600,3.025880
I,N, 884,40.681200,-51.934900
I,N, 885,3.599550,-47.113900
I,N, 886,20.696800,-72.910900
I,N, 887,14.177000,-79.754200
I,N, 888,-22.888300,72.351300
I,N, 889,80.335300,33.429600
I,N, 890,-88.715400,47.000400
I,N, 891,56.182900,8.078750
I,N, 892,-22.573400,72.681700
I,N, 893,69.537300,-21.647000
I,N, 894,-66.174800,70.659500
I,N, 895,37.065100,-55.730400
I,N, 896,15.264400,-34.870200
I,N, 897,-78.772900,13.693600
I,N, 898,9.169810,-41.267200
I,N, 899,-54.305600,39.374900
I,N, 900,48.918000,-43.289400
I,N, 901,38.246500,-54.490400
I,N, 902,-40.509900,53.855200
I,N, 903,21.039000,-72.551800
I,N, 904,-57.717400,35.793900
I,N, 905,-18.394400,77.068100
I,N, 906,-66.588900,26.482200
I,N, 907,-46.714800,47.342400
I,N, 908,14.850400,-79.047500
I,N, 909,-37.512200,57.001700
I,N, 910,-32.919000,61.822700
I,N, 911,-13.045000,27.276000
I,N, 912,-61.239500,32.097000
I,N, 913,-71.927200,-82.645700
I,N, 914,84.100300,81.124100
I,N, 915,73.412500,42.202500
I,N, 916,-88.693300,47.023600
I,N, 917,82.598900,-7.937250
I,N, 918,84.415200,85.829400
I,N, 919,82.063400,-8.499230
I,N, 920,-53.648600,40.064500
I,N, 921,-7.364410,-58.621900
I,N, 922,38.903500,-53.800800
I,N, 923,28.215700,-65.018900
I,N, 924,17.527900,-76.237000
I,N, 925,63.795900,-27.673300
I,N, 926,-14.960500,-66.594900
I,N, 927,-67.306700,25.728700
I,N, 928,-77.994500,14.510600
I,N, 929,-80.346200,-31.700500
I,N, 930,-34.078300,60.605900
I,N, 931,-44.766100,93.130500
I,N, 932,27.895600,-21.612200
I,N, 933,58.882600,-32.830300
I,N, 934,-19.857500,75.532500
I,N, 935,-15.264300,80.353500
I,N, 936,31.003600,-62.092700
I,N, 937,14.762100,-35.397400
I,N, 938,4.074370,-46.615500
I,N, 939,-33.007200,61.730200
I,N, 940,13.277000,66.568300
I,N, 941,-80.760300,-4.431660
I,N, 942,59.970000,-31.689000
I,N, 943,-45.180200,48.953200
I,N, 944,42.762500,-49.750300
I,N, 945,32.074700,26.517000
I,N, 946,-35.568800,-40.108200
I,N, 947,41.277300,36.176200
I,N, 948,-41.647100,-50.863000
I,N, 949,57.408500,53.107800
I,N, 950,73.114500,-77.674100
I,N, 951,13.807100,67.124800
I,N, 952,90.636900,0.499654
I,N, 953,-82.565600,9.712680
I,N, 954,9.545110,-84.616000
I,N, 955,29.419200,83.511600
I,N, 956,34.012300,-58.934700
I,N, 957,-28.071900,66.910400
I,N, 958,18.196000,-75.535800
I,N, 959,22.789200,-70.714800
I,N, 960,42.679500,-49.837400
I,N, 961,-51.357800,42.469100
I,N, 962,-88.439400,-40.195300
I,N, 963,-26.890500,68.150400
I,N, 964,-25.074200,70.056800
I,N, 965,71.204500,-63.639700
I,N, 966,79.982000,-10.684000
I,N, 967,42.900400,-49.605600
I,N, 968,-35.856000,58.740100
I,N, 969,52.086700,-39.963500
I,N, 970,15.005100,-78.885100
I,N, 971,-22.076500,73.203300
I,N, 972,81.147100,34.281600
I,N, 973,28.800800,-64.404800
I,N, 974,75.068700,27.901700
I,N, 975,-60.643300,-82.466200
I,N, 976,-21.320300,73.997000
I,N, 977,-58.401900,35.075400
I,N, 978,71.215500,23.857300
I,N, 979,-22.805500,-74.829100
I,N, 980,-33.493200,-86.047200
I,N, 981,-44.181000,93.744600
I,N, 982,-81.262600,54.823000
I,N, 983,-61.388500,75.683300
I,N, 984,68.228900,-23.020300
I,N, 985,50.596300,-41.527900
I,N, 986,-8.694860,-60.018300
I,N, 987,-87.451200,36.663000
I,N, 988,-37.015300,-29.962200
I,N, 989,13.420700,66.719200
I,N, 990,18.013800,-31.984400
I,N, 991,90.675500,88.025600
I,N, 992,-3.345450,92.863800
I,N, 993,42.922500,37.903000
I,N, 994,58.628500,98.131100
I,N, 995,59.053600,54.834600
I,N, 996,17.804000,55.280800
I,N, 997,18.229100,55.727000
I,N, 998,18.654200,56.173300
I,N, 999,73.274500,-17.724300
I,N, 1000,51.473800,-40.606700
I,N, 1001,60.235000,-31.410800
I,N, 1002,-75.477000,17.153000
I,N, 1003,-13.928200,81.755900
I,N, 1004,89.295400,-0.908406
I,N, 1005,52.230100,-39.812900
I,N, 1006,-83.482000,-34.991900
I,N, 1007,-90.001700,1.907580
I,N, 1008,13.221900,-80.756800
I,N, 1009,-65.534500,27.588900
I,N, 1010,-3.985640,-55.075400
I,N, 1011,-82.742000,9.527520
I,N, 1012,-21.176900,74.147600
I,N, 1013,-84.652300,7.522430
I,N, 1014,44.965100,-47.438400
I,N, 1015,-33.791200,60.907300
I,N, 1016,27.757600,-21.757100
I,N, 1017,25.405900,79.299100
I,N, 1018,-38.053300,56.433800
I,N, 1019,-2.898240,-53.934100
I,N, 1020,-55.260800,38.372400
I,N, 1021,47.962800,-0.549250
I,N, 1022,-30.793600,64.053700
I,N, 1023,15.474400,-78.392500
I,N, 1024,20.067500,-29.828700
I,N, 1025,-16.997800,78.534000
I,N, 1026,86.225800,39.612400
I,N, 1027,49.144200,-43.051900
I,N, 1028,-44.893100,49.254500
I,N, 1029,-81.974700,10.332900
I,N, 1030,21.248900,-72.331400
I,N, 1031,-72.772100,19.992100
I,N, 1032,-37.617100,56.891600
I,N, 1033,50.325600,-41.811900
I,N, 1034,-2.036950,-9.287360
I,N, 1035,28.950000,-20.505500
I,N, 1036,18.262300,-75.466300
I,N, 1037,7.574470,-42.941700
I,N, 1038,-3.097000,-54.142700
I,N, 1039,84.845700,38.163800
I,N, 1040,89.438800,-0.757871
I,N, 1041,10.682500,-39.679500
I,N, 1042,-0.005325,96.369700
I,N, 1043,87.937400,-2.333850
I,N, 1044,-74.152200,62.286200
I,N, 1045,-69.559100,67.107300
I,N, 1046,18.383600,-31.596200
I,N, 1047,-18.698000,76.749400
I,N, 1048,-55.779600,37.827800
I,N, 1049,47.444000,-44.836500
I,N, 1050,-4.918570,-56.054700
I,N, 1051,-0.309116,-51.216500
I,N, 1052,-52.671700,41.090000
I,N, 1053,65.832900,-25.535200
I,N, 1054,-28.204400,66.771300
I,N, 1055,44.457300,-47.971400
I,N, 1056,33.769500,-15.446800
I,N, 1057,88.389800,-45.601600
I,N, 1058,-47.322200,90.447500
I,N, 1059,-42.729100,51.525900
I,N, 1060,60.494500,-31.138400
I,N, 1061,-75.217600,-70.060100
I,N, 1062,58.567900,-33.160600
I,N, 1063,10.373400,-83.746600
I,N, 1064,-26.691900,68.358900
I,N, 1065,-79.054400,13.398100
I,N, 1066,1.943360,86.750700
I,N, 1067,-72.645000,20.125600
I,N, 1068,30.578600,-62.538800
I,N, 1069,-21.783900,73.510400
I,N, 1070,81.456000,-9.136820
I,N, 1071,-38.975100,55.466100
I,N, 1072,79.529400,-11.159000
I,N, 1073,-14.507900,-66.119800
I,N, 1074,-51.589500,42.225800
I,N, 1075,-62.277300,74.750400
I,N, 1076,67.340100,19.789600
I,N, 1077,-83.636600,8.588580
I,N, 1078,19.587100,-74.075800
I,N, 1079,-17.494600,78.012600
I,N, 1080,28.773400,-64.433600
I,N, 1081,-49.983000,87.654700
I,N, 1082,-30.108900,64.772300
I,N, 1083,73.131000,-17.874900
I,N, 1084,20.768400,-72.835800
I,N, 1085,-42.707000,51.549100
I,N, 1086,60.516600,-31.115200
I,N, 1087,-44.633600,49.526900
I,N, 1088,1.634310,-49.176600
I,N, 1089,25.676400,-67.684200
I,N, 1090,-11.388900,84.421200
I,N, 1091,8.485190,-41.985800
I,N, 1092,28.359300,-64.868200
I,N, 1093,-8.722340,-60.047200
I,N, 1094,-45.803900,48.298500
I,N, 1095,-21.761800,73.533600
I,N, 1096,81.478100,-9.113640
I,N, 1097,44.396500,-48.035300
I,N, 1098,-34.359900,60.310400
I,N, 1099,68.863700,21.388700
I,N, 1100,-66.848400,26.209800
I,N, 1101,-83.089800,9.162430
I,N, 1102,20.150100,-73.484800
I,N, 1103,-58.606300,34.860900
I,N, 1104,71.011100,-20.100000
I,N, 1105,33.929500,-59.021600
I,N, 1106,-86.501600,49.324100
I,N, 1107,43.115800,-49.379500
I,N, 1108,-50.921500,42.927000
I,N, 1109,52.318400,4.022490
I,N, 1110,-0.044103,96.329000
I,N, 1111,35.110900,-14.038900
I,N, 1112,-1.970700,-52.960500
I,N, 1113,-54.333200,83.088700
I,N, 1114,90.565100,0.424318
I,N, 1115,38.218900,-54.519400
I,N, 1116,1.137280,97.569000
I,N, 1117,-77.619100,14.904600
I,N, 1118,71.447300,-19.642100
I,N, 1119,76.040500,88.703500
I,N, 1120,12.565000,-81.446200
I,N, 1121,-24.516600,70.642100
I,N, 1122,52.329500,-39.708600
I,N, 1123,-41.707800,52.597900
I,N, 1124,-52.395600,41.379700
I,N, 1125,-89.477200,2.458110
I,N, 1126,-1.534540,-52.502700
I,N, 1127,-38.616100,55.842900
I,N, 1128,7.668070,-42.843500
I,N, 1129,-29.413500,65.502200
I,N, 1130,32.135300,-60.904800
I,N, 1131,-46.621100,91.183500
I,N, 1132,-57.308800,36.222700
I,N, 1133,87.589500,-2.698940
I,N, 1134,35.227000,-57.659800
I,N, 1135,-12.951200,82.781400
I,N, 1136,48.597600,-43.625700
I,N, 1137,53.190800,-38.804600
I,N, 1138,-40.846500,53.501900
I,N, 1139,-77.928100,30.619400
I,N, 1140,40.576400,-52.044900
I,N, 1141,-53.444600,40.278700
I,N, 1142,76.172800,29.060600
I,N, 1143,65.485100,-25.900300
I,N, 1144,-28.552300,66.406200
I,N, 1145,2.434730,-48.336500
I,N, 1146,33.421700,-59.554600
I,N, 1147,-60.615600,64.830200
I,N, 1148,73.186200,-17.817000
I,N, 1149,-62.525900,74.489500
I,N, 1150,-69.045600,23.903500
I,N, 1151,-79.733400,12.685400
I,N, 1152,8.209270,-42.275400
I,N, 1153,-70.547100,22.327500
I,N, 1154,32.692800,-60.319700
I,N, 1155,22.005000,-27.795100
I,N, 1156,-87.313200,4.729490
I,N, 1157,0.629469,-50.231300
I,N, 1158,-36.452100,58.114300
I,N, 1159,66.771500,-24.550000
I,N, 1160,-11.984900,-63.471600
I,N, 1161,38.467300,93.008700
I,N, 1162,9.721780,-84.430500
I,N, 1163,-3.742840,-54.820600
I,N, 1164,-14.430600,81.228600
I,N, 1165,-51.512200,42.306900
I,N, 1166,51.711400,-40.357400
I,N, 1167,14.646100,-79.261900
I,N, 1168,-79.391200,13.044600
I,N, 1169,-33.123300,61.608300
I,N, 1170,28.425500,-64.798700
I,N, 1171,-8.656080,87.289700
I,N, 1172,-4.062930,92.110700
I,N, 1173,-56.425500,80.892600
I,N, 1174,-82.377900,-49.872200
I,N, 1175,-20.829000,-29.011900
I,N, 1176,-73.191600,19.551900
I,N, 1177,56.425900,52.076400
I,N, 1178,-68.173300,-34.962700
I,N, 1179,-10.792500,-18.477300
I,N, 1180,50.772700,-41.342700
I,N, 1181,-27.983700,-80.264300
I,N, 1182,18.284200,-75.443200
I,N, 1183,-60.472200,32.902400
I,N, 1184,-71.159900,-81.840300
I,N, 1185,27.895600,22.130500
I,N, 1186,-13.354000,22.576700
I,N, 1187,-12.912600,-20.702600
I,N, 1188,-80.556100,99.307300
I,N, 1189,18.499500,56.010900
I,N, 1190,60.599400,56.457100
I,N, 1191,-48.718800,88.981700
I,N, 1192,80.898600,-9.721850
I,N, 1193,28.552400,-64.665600
I,N, 1194,-80.765900,99.087100
I,N, 1195,-65.059800,28.087100
I,N, 1196,64.557600,-26.873700
I,N, 1197,-47.537400,2.736270
I,N, 1198,-69.338100,23.596500
I,N, 1199,18.604600,-75.107000
I,N, 1200,-44.854600,49.295000
I,N, 1201,-24.980500,70.155200
I,N, 1202,36.568300,-12.509100
I,N, 1203,-42.188000,52.093800
I,N, 1204,4.079890,-46.609700
I,N, 1205,65.628700,-25.749400
I,N, 1206,28.563400,-64.654000
I,N, 1207,-50.192900,43.691700
I,N, 1208,53.030700,-38.972600
I,N, 1209,-67.400500,25.630300
I,N, 1210,38.600000,-54.119400
I,N, 1211,-40.156400,70.265400
I,N, 1212,82.516200,-51.766700
I,N, 1213,71.844700,68.260400
I,N, 1214,30.595100,24.963900
I,N, 1215,-10.654600,-18.332600
I,N, 1216,39.781400,78.348700
I,N, 1217,-27.862100,67.130600
I,N, 1218,18.405800,-75.315600
I,N, 1219,-71.447200,21.382800
I,N, 1220,-9.898330,85.985800
I,N, 1221,9.975750,-40.421300
I,N, 1222,56.243700,-35.600200
I,N, 1223,-90.581300,-42.443500
I,N, 1224,1.529410,97.980600
I,N, 1225,63.078300,-28.426500
I,N, 1226,67.687700,-23.588300
I,N, 1227,-52.743400,41.014700
I,N, 1228,8.805410,-85.392400
I,N, 1229,13.398600,-80.571300
I,N, 1230,17.991700,43.813500
I,N, 1231,-30.202800,9.266740
I,N, 1232,-47.819100,46.183300
I,N, 1233,55.404500,-36.481000
I,N, 1234,-65.026700,28.121900
I,N, 1235,38.196900,-54.542400
I,N, 1236,-82.234200,10.060500
I,N, 1237,20.989400,-72.603800
I,N, 1238,-16.092200,79.484500
I,N, 1239,3.798180,-46.905400
I,N, 1240,65.347000,-26.045100
I,N, 1241,69.940200,-21.224100
I,N, 1242,89.814300,-44.106500
I,N, 1243,-30.616900,20.496400
I,N, 1244,30.932000,-62.167900
I,N, 1245,-6.133340,-57.329700
I,N, 1246,-1.540190,-52.508600
I,N, 1247,18.333900,-75.391100
I,N, 1248,79.882700,-10.788100
I,N, 1249,84.475900,-5.967070
I,N, 1250,-62.349100,30.932400
I,N, 1251,-27.194100,67.831800
I,N, 1252,60.764900,-30.854600
I,N, 1253,8.402380,-42.072700
I,N, 1254,1.882630,-48.916000
I,N, 1255,-50.479900,43.390500
I,N, 1256,79.137500,-55.313000
I,N, 1257,72.617800,-18.413600
I,N, 1258,-32.516100,62.245600
I,N, 1259,-34.867900,-11.669000
I,N, 1260,57.242900,-34.551400
I,N, 1261,4.880310,-89.512300
I,N, 1262,-47.482200,46.536900
I,N, 1263,82.135200,-8.423900
I,N, 1264,29.772700,-63.384700
I,N, 1265,-22.573600,72.681600
I,N, 1266,-74.936100,17.720800
I,N, 1267,54.681300,-37.240100
I,N, 1268,-81.030700,11.323700
I,N, 1269,22.192900,-71.340600
I,N, 1270,-71.844400,20.965800
I,N, 1271,-82.515900,9.764840
I,N, 1272,47.101500,-45.196000
I,N, 1273,36.413800,-56.414100
I,N, 1274,-11.780800,84.009900
I,N, 1275,-90.537100,1.345590
I,N, 1276,73.810200,-72.569000
I,N, 1277,71.458500,-19.630400
I,N, 1278,-3.113570,-54.160100
I,N, 1279,58.435300,-33.299800
I,N, 1280,-61.995900,31.303100
I,N, 1281,41.227800,-7.618520
I,N, 1282,4.146140,-46.540200
I,N, 1283,-32.935500,61.805500
I,N, 1284,-70.000800,22.901000
I,N, 1285,33.222800,-59.763400
I,N, 1286,-45.533500,48.582300
I,N, 1287,-82.615200,9.660660
I,N, 1288,13.663600,-64.254000
I,N, 1289,-49.811900,87.834400
I,N, 1290,53.411700,-38.572700
I,N, 1291,88.583100,-45.398800
I,N, 1292,-73.522800,-24.538600
I,N, 1293,86.656500,-3.678300
I,N, 1294,-33.774700,60.924700
I,N, 1295,-81.969200,10.338700
I,N, 1296,10.141500,-83.990000
I,N, 1297,56.425700,-79.151800
I,N, 1298,34.625100,72.936600
I,N, 1299,-74.693200,1.936550
I,N, 1300,35.475300,-73.438300
I,N, 1301,-78.011000,-45.288600
I,N, 1302,25.212600,63.057100
I,N, 1303,-31.317900,47.464100
I,N, 1304,-46.157400,-11.854400
I,N, 1305,79.292000,-27.447400
I,N, 1306,64.436200,0.702344
I,N, 1307,-49.050100,28.852100
I,N, 1308,-6.950200,73.041000
I,N, 1309,65.711500,-41.701700
I,N, 1310,-47.758400,30.207800
I,N, 1311,62.410100,-45.167000
I,N, 1312,-51.076200,-17.017300
I,N, 1313,-65.932000,11.132500
I,N, 1314,2.561720,83.024900
I,N, 1315,29.380700,-36.092600
I,N, 1316,-53.543700,24.135500
I,N, 1317,-18.372400,-26.433400
I,N, 1318,80.683200,-25.987200
I,N, 1319,-43.916000,70.694100
I,N, 1320,80.147800,33.232700
I,N, 1321,69.460000,-21.728100
I,N, 1322,32.378400,-60.649700
I,N, 1323,-19.967900,75.416600
I,N, 1324,-68.162400,24.830600
I,N, 1325,35.061200,-57.833700
I,N, 1326,-58.976100,78.215400
I,N, 1327,70.641400,-20.488100
I,N, 1328,-49.789800,44.114900
I,N, 1329,-45.196600,92.678600
I,N, 1330,-82.261900,10.031400
I,N, 1331,47.355500,-1.186700
I,N, 1332,51.948700,-40.108300
I,N, 1333,-26.807700,68.237300
I,N, 1334,-63.889300,29.315700
I,N, 1335,-70.409100,66.215100
I,N, 1336,74.505600,27.310600
I,N, 1337,-87.600300,4.428150
I,N, 1338,57.298100,-34.493500
I,N, 1339,-21.458300,-73.415100
I,N, 1340,24.809600,-68.594100
I,N, 1341,-49.778700,44.126500
I,N, 1342,68.725800,21.244000
I,N, 1343,-10.014300,85.864100
I,N, 1344,-69.321700,23.613800
I,N, 1345,90.857600,44.474000
I,N, 1346,-86.529200,5.552390
I,N, 1347,81.986100,-8.580360
I,N, 1348,-80.119800,12.279900
I,N, 1349,23.120200,-70.367300
I,N, 1350,-20.906300,74.431500
I,N, 1351,-69.100800,23.845600
I,N, 1352,34.122800,-58.818800
I,N, 1353,-44.633600,93.269600
I,N, 1354,-81.715200,54.348000
I,N, 1355,-77.122100,15.426300
I,N, 1356,26.117800,-67.220900
I,N, 1357,-10.963800,84.867500
I,N, 1358,8.910320,-41.539600
I,N, 1359,-28.171300,-80.461200
I,N, 1360,-80.533800,55.588000
I,N, 1361,-7.872090,-59.154700
I,N, 1362,-60.218300,33.168800
I,N, 1363,-77.851000,14.661200
I,N, 1364,-57.976900,35.521500
I,N, 1365,-11.709000,84.085300
I,N, 1366,65.120800,-26.282600
I,N, 1367,84.994900,-5.422340
I,N, 1368,-4.858100,91.276100
I,N, 1369,-26.658800,68.393600
I,N, 1370,-29.010500,65.925200
I,N, 1371,-24.417300,70.746300
I,N, 1372,48.244400,87.231700
I,N, 1373,90.344300,43.935200
I,N, 1374,18.532800,56.045800
I,N, 1375,18.974200,56.509100
I,N, 1376,61.074100,-90.312000
I,N, 1377,61.499200,-89.865800
I,N, 1378,20.249600,14.105100
I,N, 1379,-21.000100,14.551300
I,N, 1380,21.099800,-28.745200
I,N, 1381,-31.246400,19.835700
I,N, 1382,71.977200,-19.086000
I,N, 1383,-22.060100,-74.046800
I,N, 1384,81.163500,78.041600
I,N, 1385,28.801000,-80.443800
I,N, 1386,-27.729600,-36.254900
I,N, 1387,18.538300,99.794300
I,N, 1388,-37.976000,-3.266990
I,N, 1389,87.473400,-62.602700
I,N, 1390,-52.406600,-18.413700
I,N, 1391,31.368000,69.517900
I,N, 1392,-66.837300,-77.303200
I,N, 1393,-66.412200,-76.857000
I,N, 1394,32.659700,27.131000
I,N, 1395,-50.264700,-16.165500
I,N, 1396,-63.723800,-30.292500
I,N, 1397,77.006500,-29.846300
I,N, 1398,-21.198800,58.085400
I,N, 1399,-88.842300,-12.914600
I,N, 1400,-62.023300,-28.507600
I,N, 1401,21.767600,-87.826200
I,N, 1402,48.586600,87.590900
I,N, 1403,-49.618800,-15.487500
I,N, 1404,75.830700,-31.080500
I,N, 1405,-79.330400,-2.930740
I,N, 1406,87.793800,-18.523700
I,N, 1407,-78.463800,57.760700
I,N, 1408,77.547500,30.503400
I,N, 1409,-5.376950,74.692300
I,N, 1410,-81.356500,-60.464400
I,N, 1411,78.822800,-71.682500
I,N, 1412,22.292300,59.991800
I,N, 1413,-75.913100,-43.086600
I,N, 1414,-33.796900,1.119450
I,N, 1415,8.303000,89.051100
I,N, 1416,-48.227600,-57.770000
I,N, 1417,-1.959660,34.536500
I,N, 1418,-43.209300,34.982700
I,N, 1419,55.846300,-36.017300
I,N, 1420,-29.838700,65.056000
I,N, 1421,46.991100,-89.054600
I,N, 1422,25.190400,-24.451600
I,N, 1423,-11.891200,83.894000
I,N, 1424,49.657700,-42.513000
I,N, 1425,69.531700,-21.652800
I,N, 1426,-9.224630,86.692900
I,N, 1427,52.340500,-39.697000
I,N, 1428,72.214600,-18.836800
I,N, 1429,-89.891300,-41.719200
I,N, 1430,25.836400,-3.359570
I,N, 1431,-25.135000,69.993100
I,N, 1432,-73.329500,19.407100
I,N, 1433,-53.439100,40.284500
I,N, 1434,8.109760,-86.122600
I,N, 1435,16.870900,-76.926600
I,N, 1436,-16.042600,35.793900
I,N, 1437,45.506200,-46.870500
I,N, 1438,-74.924900,17.732500
I,N, 1439,-55.050900,38.592700
I,N, 1440,-35.160500,15.727400
I,N, 1441,-56.961100,36.587600
I,N, 1442,4.587700,-46.076700
I,N, 1443,-32.493900,62.269000
I,N, 1444,70.729700,-20.395400
I,N, 1445,90.603800,0.464884
I,N, 1446,-45.092000,49.045800
I,N, 1447,31.737800,-61.322100
I,N, 1448,51.611900,-40.461800
I,N, 1449,14.530300,-79.383500
I,N, 1450,5.233660,-45.398700
I,N, 1451,40.388700,-52.241900
I,N, 1452,-53.648600,40.064500
I,N, 1453,7.916520,-42.582700
I,N, 1454,69.465400,-65.465100
I,N, 1455,-24.571900,-76.683300
I,N, 1456,7.806230,-86.441200
I,N, 1457,-70.950100,21.904500
I,N, 1458,89.229200,-0.977946
I,N, 1459,-42.298600,51.977800
I,N, 1460,60.925000,-30.686600
I,N, 1461,80.799100,-9.826300
I,N, 1462,74.279400,-16.669600
I,N, 1463,-87.826500,4.190690
I,N, 1464,-26.277700,68.793600
I,N, 1465,35.271200,-57.613400
I,N, 1466,-1.794160,94.492100
I,N, 1467,-65.269600,27.866900
I,N, 1468,-78.734200,-46.047700
I,N, 1469,35.602300,-57.265800
I,N, 1470,40.195400,51.079800
I,N, 1471,22.568300,4.874500
I,N, 1472,-63.116600,-85.062200
I,N, 1473,2.600240,39.322600
I,N, 1474,-23.368500,12.065300
I,N, 1475,75.687100,-74.973800
I,N, 1476,23.324600,61.075300
I,N, 1477,-17.925100,61.521500
I,N, 1478,-17.499900,61.967800
I,N, 1479,-8.722470,43.477300
I,N, 1480,-15.242200,80.376700
I,N, 1481,8.799890,-85.398200
I,N, 1482,-54.675500,38.986700
I,N, 1483,-34.801500,59.846900
I,N, 1484,83.703100,-6.778240
I,N, 1485,66.086700,-52.972200
I,N, 1486,74.847900,-16.072800
I,N, 1487,68.328200,-22.916100
I,N, 1488,-25.709200,69.390400
I,N, 1489,-47.509800,46.507900
I,N, 1490,70.994700,-20.117200
I,N, 1491,64.475000,-26.960500
I,N, 1492,-10.097100,85.777100
I,N, 1493,51.451800,3.112810
I,N, 1494,29.651100,-63.512300
I,N, 1495,49.525200,-42.652100
I,N, 1496,-13.950300,70.068400
I,N, 1497,-88.538600,47.186000
I,N, 1498,71.657000,-19.422100
I,N, 1499,49.856300,-42.304500
I,N, 1500,16.942700,-76.851300
I,N, 1501,22.927000,-70.570000
I,N, 1502,1.126370,-49.709800
I,N, 1503,-62.349100,-68.217400
I,N, 1504,-56.364700,80.956300
I,N, 1505,-78.149100,14.348300
I,N, 1506,66.749300,-24.573300
I,N, 1507,3.273810,-47.455800
I,N, 1508,64.822700,17.147200
I,N, 1509,-55.608500,38.007400
I,N, 1510,5.940360,-44.656900
I,N, 1511,25.830700,-67.522200
I,N, 1512,65.153800,-26.248000
I,N, 1513,85.027900,-5.387700
I,N, 1514,-77.078000,59.215300
I,N, 1515,-22.474100,29.043300
I,N, 1516,-70.668600,22.200100
I,N, 1517,63.116900,-28.385900
I,N, 1518,83.007300,-7.508550
I,N, 1519,1.474060,-40.595100
I,N, 1520,4.681550,-89.720900
I,N, 1521,-12.951100,82.781500
I,N, 1522,-34.751800,59.899100
I,N, 1523,-14.877700,80.759300
I,N, 1524,5.012690,-45.630600
I,N, 1525,24.886800,-68.513100
I,N, 1526,44.760900,-47.652800
I,N, 1527,-86.783200,5.285810
I,N, 1528,73.396100,-17.596600
I,N, 1529,-88.709800,3.263620
I,N, 1530,18.681900,-31.283200
I,N, 1531,-60.058200,77.079600
I,N, 1532,43.165400,-49.327400
I,N, 1533,51.926600,-40.131500
I,N, 1534,-68.504600,24.471400
I,N, 1535,-6.955720,89.074400
I,N, 1536,12.918400,-81.075300
I,N, 1537,32.808700,-60.198000
I,N, 1538,-30.666700,64.186900
I,N, 1539,-10.792600,85.047100
I,N, 1540,24.362400,-69.063400
I,N, 1541,85.911200,-4.460500
I,N, 1542,22.435800,-71.085600
I,N, 1543,-56.320600,37.260000
I,N, 1544,5.244570,-45.387200
I,N, 1545,66.793400,19.215700
I,N, 1546,44.992700,-3.666710
I,N, 1547,-75.438400,60.936200
I,N, 1548,16.672300,-77.135100
I,N, 1549,78.221200,-56.274900
I,N, 1550,30.042900,-19.358300
I,N, 1551,-48.713400,45.244600
I,N, 1552,12.835400,-81.162400
I,N, 1553,-35.359100,59.261600
I,N, 1554,-51.600600,42.214200
I,N, 1555,9.948280,-40.450100
I,N, 1556,71.497100,-19.589900
I,N, 1557,-7.242950,-58.494400
I,N, 1558,27.912100,-65.337600
I,N, 1559,-77.238100,15.304500
I,N, 1560,25.985500,-67.359800
I,N, 1561,-52.770900,40.985800
I,N, 1562,8.777940,-85.421200
I,N, 1563,28.668300,-64.543900
I,N, 1564,48.542400,-43.683600
I,N, 1565,-71.888700,20.919300
I,N, 1566,31.334900,-61.745000
I,N, 1567,9.534200,-84.627400
I,N, 1568,83.587100,-6.899940
I,N, 1569,50.673500,-41.446700
I,N, 1570,28.889200,-64.312100
I,N, 1571,90.438000,0.290895
I,N, 1572,-71.667900,21.151100
I,N, 1573,-10.119000,42.011400
I,N, 1574,-73.594500,19.128900
I,N, 1575,-80.114200,12.285700
I,N, 1576,-60.223800,33.163000
I,N, 1577,73.561600,-17.422900
I,N, 1578,-88.544300,3.437330
I,N, 1579,-26.995400,68.040300
I,N, 1580,-7.121350,88.900500
I,N, 1581,12.752700,-81.249200
I,N, 1582,74.301600,-16.646200
I,N, 1583,-87.788000,-39.511600
I,N, 1584,80.727300,-9.901630
I,N, 1585,-81.378600,10.958600
I,N, 1586,67.687800,-23.588200
I,N, 1587,-37.462400,57.054000
I,N, 1588,-17.588300,77.914200
I,N, 1589,43.976900,-48.475700
I,N, 1590,6.895250,59.870000
I,N, 1591,-56.580200,96.769400
I,N, 1592,-74.212800,18.479900
I,N, 1593,29.010800,-64.184400
I,N, 1594,-8.070850,-59.363400
I,N, 1595,-18.742300,60.663700
I,N, 1596,12.244700,-81.782500
I,N, 1597,-20.668900,74.680700
I,N, 1598,-42.469600,95.541000
I,N, 1599,-22.595500,77.033400
I,N, 1600,73.683200,-61.038000
I,N, 1601,82.444400,-51.842100
I,N, 1602,-22.689500,72.559900
I,N, 1603,12.465500,-81.550700
I,N, 1604,32.339600,-60.690400
I,N, 1605,10.538900,-67.533700
I,N, 1606,45.693900,-46.673400
I,N, 1607,65.568000,-25.813200
I,N, 1608,85.458400,-4.935830
I,N, 1609,-76.647500,15.924400
I,N, 1610,-56.773400,36.784700
I,N, 1611,-36.899300,57.644900
I,N, 1612,-17.025300,78.505200
I,N, 1613,44.523600,-47.901900
I,N, 1614,-87.020500,5.036760
I,N, 1615,-10.174400,41.953300
I,N, 1616,40.261600,-52.375400
I,N, 1617,60.135600,-31.515100
I,N, 1618,80.009700,-10.654900
I,N, 1619,-82.096200,10.205400
I,N, 1620,-70.558100,22.316000
I,N, 1621,47.962700,-44.292100
I,N, 1622,67.836800,-23.431800
I,N, 1623,46.036100,-46.314300
I,N, 1624,81.191100,-9.414850
I,N, 1625,-39.240000,55.188100
I,N, 1626,79.264500,-11.437000
I,N, 1627,57.463800,-34.319500
I,N, 1628,-36.557200,58.004100
I,N, 1629,-16.683100,78.864300
I,N, 1630,75.427600,-15.464300
I,N, 1631,42.514000,97.256200
I,N, 1632,20.713400,-72.893600
I,N, 1633,-1.087330,-52.033300
I,N, 1634,7.690150,-86.563000
I,N, 1635,-14.110500,81.564600
I,N, 1636,5.763560,-44.842500
I,N, 1637,67.312400,-23.982200
I,N, 1638,87.186500,-3.121980
I,N, 1639,9.821290,-40.583400
I,N, 1640,-68.935100,24.019600
I,N, 1641,-3.201900,-54.252800
I,N, 1642,16.672200,-77.135300
I,N, 1643,36.546300,-56.275000
I,N, 1644,30.026500,-63.118300
I,N, 1645,-7.055100,-58.297200
I,N, 1646,12.819000,-81.179700
I,N, 1647,-65.921100,70.925800
I,N, 1648,37.302500,-55.481200
I,N, 1649,-41.453900,52.864400
I,N, 1650,-63.254500,29.982000
I,N, 1651,-69.774300,23.138700
I,N, 1652,-49.900200,87.741700
I,N, 1653,26.929600,-66.368900
I,N, 1654,-51.810500,41.993900
I,N, 1655,56.972300,-34.835400
I,N, 1656,76.846400,29.767600
I,N, 1657,39.764800,-52.896800
I,N, 1658,-65.385400,71.488100
I,N, 1659,-3.836570,-54.919000
I,N, 1660,-40.901900,53.443800
I,N, 1661,-62.702600,74.304000
I,N, 1662,40.521100,-52.103000
I,N, 1663,-79.910100,12.500000
I,N, 1664,-60.036000,33.360200
I,N, 1665,-51.274800,86.298800
I,N, 1666,51.948800,3.634500
I,N, 1667,-83.747000,8.472680
I,N, 1668,19.476600,-74.191700
I,N, 1669,81.025500,-9.588700
I,N, 1670,2.269100,98.757000
I,N, 1671,-19.531600,91.913700
I,N, 1672,57.298200,-34.493300
I,N, 1673,-63.116600,30.126700
I,N, 1674,13.713100,-80.241100
I,N, 1675,-65.043200,28.104500
I,N, 1676,27.067500,-66.224200
I,N, 1677,88.616300,-1.621200
I,N, 1678,77.928500,-12.839300
I,N, 1679,-42.502600,-47.386100
I,N, 1680,7.949650,-42.547900
I,N, 1681,69.498500,22.055000
I,N, 1682,21.304000,-72.273600
I,N, 1683,82.852800,36.072000
I,N, 1684,-37.578300,-90.335000
I,N, 1685,8.689600,-41.771200
I,N, 1686,-28.375700,-80.675800
I,N, 1687,74.847900,27.669900
I,N, 1688,37.766300,-54.994400
I,N, 1689,77.089300,34.397400
I,N, 1690,85.850500,-20.563400
I,N, 1691,68.217900,-23.031800
I,N, 1692,-52.213300,85.313800
I,N, 1693,-89.278600,2.666590
I,N, 1694,82.013600,-8.551520
I,N, 1695,3.257250,-47.473200
I,N, 1696,-33.824400,60.872500
I,N, 1697,69.399200,10.286500
I,N, 1698,21.204700,-72.377800
I,N, 1699,41.095100,68.063300
I,N, 1700,12.349600,65.594900
I,N, 1701,73.898400,-17.069400
I,N, 1702,-88.207500,3.790830
I,N, 1703,15.016100,-35.130800
I,N, 1704,-79.021200,-30.309700
I,N, 1705,24.202400,-69.231400
I,N, 1706,-12.862900,39.131400
I,N, 1707,-23.550700,11.874100
I,N, 1708,-38.406500,40.023800
I,N, 1709,-53.262300,24.430900
I,N, 1710,-79.231000,13.212800
I,N, 1711,65.667400,-25.708900
I,N, 1712,-13.072700,-64.613400
I,N, 1713,-8.479540,-59.792300
I,N, 1714,-45.561200,48.553300
I,N, 1715,42.381500,-6.407490
I,N, 1716,-78.049600,14.452800
I,N, 1717,66.848800,19.273800
I,N, 1718,-53.582400,40.134100
I,N, 1719,76.051400,-14.809600
I,N, 1720,38.969800,-53.731300
I,N, 1721,43.562900,-5.167490
I,N, 1722,6.481300,-44.089100
I,N, 1723,11.074500,-83.010800
I,N, 1724,-26.007200,69.077600
I,N, 1725,-63.072500,73.915800
I,N, 1726,-58.479300,34.994100
I,N, 1727,-53.886200,39.815200
I,N, 1728,49.337400,0.893580
I,N, 1729,27.536800,-65.731600
I,N, 1730,36.297900,-12.793000
I,N, 1731,-67.461100,25.566700
I,N, 1732,77.453600,-13.337800
I,N, 1733,82.046700,-8.516750
I,N, 1734,86.639900,-3.695690
I,N, 1735,34.277400,-58.656500
I,N, 1736,1.363770,-5.717880
I,N, 1737,62.912600,15.142400
I,N, 1738,-90.840900,-42.716000
I,N, 1739,27.663600,-65.598400
I,N, 1740,-9.417990,-17.034700
I,N, 1741,3.511220,-3.463880
I,N, 1742,-90.526100,1.357180
I,N, 1743,54.372300,-37.564400
I,N, 1744,2.009740,-48.782600
I,N, 1745,6.619190,-43.944400
I,N, 1746,11.212300,-39.123300
I,N, 1747,-25.869300,-78.045000
I,N, 1748,-47.669900,46.339900
I,N, 1749,-27.795900,67.200100
I,N, 1750,60.146800,12.239300
I,N, 1751,7.800580,-42.704400
I,N, 1752,-86.236700,5.859390
I,N, 1753,5.873980,-0.983878
I,N, 1754,78.535700,-39.905500
I,N, 1755,56.735000,-35.084400
I,N, 1756,19.653400,-30.263400
I,N, 1757,24.246600,-9.403120
I,N, 1758,-37.821400,56.677200
I,N, 1759,-33.228200,61.498200
I,N, 1760,-85.590800,6.537410
I,N, 1761,2.351920,-48.423400
I,N, 1762,-45.842600,92.000600
I,N, 1763,-41.249400,53.079000
I,N, 1764,-51.920900,85.620700
I,N, 1765,-47.327800,90.441700
I,N, 1766,-42.734600,51.520100
I,N, 1767,-22.860500,-74.886900
I,N, 1768,49.801200,-42.362300
I,N, 1769,-85.910900,22.240600
I,N, 1770,-50.755800,43.100900
I,N, 1771,-53.091300,84.392300
I,N, 1772,-48.498100,-58.054000
I,N, 1773,-89.747700,89.659600
I,N, 1774,9.307830,46.363100
I,N, 1775,-73.616600,19.105800
I,N, 1776,86.562700,39.966000
I,N, 1777,24.494800,-25.181800
I,N, 1778,55.481800,7.342780
I,N, 1779,44.794000,-47.618000
I,N, 1780,-7.568560,88.431100
I,N, 1781,-86.324900,5.766800
I,N, 1782,32.179600,-17.115600
I,N, 1783,-20.182900,-72.076500
I,N, 1784,-72.529200,20.247100
I,N, 1785,77.928400,-56.582200
I,N, 1786,25.565900,-67.800300
I,N, 1787,87.114700,40.545400
I,N, 1788,34.752200,-58.158100
I,N, 1789,-59.285100,34.148300
I,N, 1790,2.280010,98.768400
I,N, 1791,63.828900,16.104100
I,N, 1792,15.634300,-78.224600
I,N, 1793,-78.403000,57.824600
I,N, 1794,66.495400,-24.839800
I,N, 1795,-53.935700,83.505900
I,N, 1796,29.838900,-19.572500
I,N, 1797,80.291200,33.383300
I,N, 1798,69.603400,22.165100
I,N, 1799,-39.714800,54.689700
I,N, 1800,6.553070,-44.013800
I,N, 1801,26.427200,-23.153500
I,N, 1802,72.695100,13.745900
I,N, 1803,13.404000,-80.565700
I,N, 1804,17.997100,-75.744600
I,N, 1805,7.309330,-43.220000
I,N, 1806,-64.502200,72.415100
I,N, 1807,80.396200,33.493500
I,N, 1808,84.989400,38.314600
I,N, 1809,-9.047950,-60.388900
I,N, 1810,-0.270468,-51.175900
I,N, 1811,30.716500,-62.394000
I,N, 1812,35.309700,-57.573000
I,N, 1813,-43.446700,50.772700
I,N, 1814,-80.528300,55.593800
I,N, 1815,-49.541300,44.375600
I,N, 1816,64.811500,-70.349900
I,N, 1817,-40.338700,54.034900
I,N, 1818,-77.420300,15.113300
I,N, 1819,-15.871500,79.716200
I,N, 1820,72.071200,-18.987300
I,N, 1821,-21.966100,-73.948100
I,N, 1822,54.880000,50.453800
I,N, 1823,70.586000,66.939200
I,N, 1824,-12.338400,-20.100000
I,N, 1825,86.717200,83.870800
I,N, 1826,-42.050000,-51.285900
I,N, 1827,-11.063000,41.020600
I,N, 1828,8.811070,-41.643800
I,N, 1829,-12.973300,82.758200
I,N, 1830,-65.335900,71.540100
I,N, 1831,-30.180800,-82.570500
I,N, 1832,-82.543400,97.221400
I,N, 1833,-66.837300,26.221400
I,N, 1834,-77.525100,-88.521300
I,N, 1835,78.502500,-83.683100
I,N, 1836,-79.435400,56.740900
I,N, 1837,-85.955200,49.897600
I,N, 1838,85.337100,-5.063180
I,N, 1839,6.580680,-43.984800
I,N, 1840,-72.175700,20.618100
I,N, 1841,57.441700,-34.342700
I,N, 1842,-78.254000,14.238200
I,N, 1843,9.688660,-40.722600
I,N, 1844,-57.954800,-67.979900
I,N, 1845,17.483800,11.202000
I,N, 1846,74.864600,71.430100
I,N, 1847,90.570600,87.915500
I,N, 1848,-18.731300,-26.810100
I,N, 1849,-14.138100,-21.989000
I,N, 1850,-20.657900,74.692300
I,N, 1851,-0.783798,-51.714700
I,N, 1852,69.101100,-65.847500
I,N, 1853,-77.723900,14.794700
I,N, 1854,25.499700,-67.869700
I,N, 1855,-68.521300,24.453900
I,N, 1856,-6.972410,1.571460
I,N, 1857,-70.447900,22.431700
I,N, 1858,32.775800,-60.232600
I,N, 1859,-61.261600,75.816600
I,N, 1860,-14.993600,80.637600
I,N, 1861,-67.339900,-77.830700
I,N, 1862,23.379600,17.390400
I,N, 1863,-59.544800,-69.648700
I,N, 1864,39.510800,-9.420640
I,N, 1865,67.721000,-67.296100
I,N, 1866,43.143400,30.845400
I,N, 1867,-56.447600,-6.615980
I,N, 1868,88.467100,41.964900
I,N, 1869,51.385500,3.043270
I,N, 1870,55.978700,-35.878400
