<project name="aggregate" pubsub="auto" threads="1" heartbeat-interval="1" luaroot="@ESP_PROJECT_OUTPUT@/luaroot">
  <description><![CDATA[This model applies aggregation functions to a group of stock market trades. When new events arrive in the Aggregate window, they are placed into aggregate groups. After a new event enters the event stream, the aggregation functions are called. The functions then modify the aggregation groups accordingly. Aggregate field calculation functions or expressions that are registered to the Aggregate window must appear in non-key fields, which in this model are totalQuant and maxPrice.]]></description>
  <metadata>
    <meta id="studioUploadedBy">anonymousUser</meta>
    <meta id="studioUploaded">1696245860999</meta>
    <meta id="studioModifiedBy">anonymousUser</meta>
    <meta id="studioModified">1696245867709</meta>
    <meta id="layout">{"contQuery":{"aggregateWindow":{"x":50,"y":175},"sourceWindow":{"x":50,"y":50}}}</meta>
    <meta id="studioTags">Example</meta>
  </metadata>
  <contqueries>
    <contquery name="contQuery" trace="aggregateWindow">
      <windows>
        <window-source pubsub="true" name="sourceWindow">
          <description><![CDATA[The Source window in this model receives input data from a CSV file containing a group of stock market trades. The input data specifies the trader ID, the stock market symbol of the purchased stock, the quantity of stock purchased per trade, and the cost of purchasing the stock per trade.]]></description>
          <schema>
            <fields>
              <field name="ID" type="int32" key="true"/>
              <field name="symbol" type="string"/>
              <field name="quantity" type="int32"/>
              <field name="price" type="double"/>
            </fields>
          </schema>
          <connectors>
            <connector class="fs" name="input_aggregate">
              <properties>
                <property name="type"><![CDATA[pub]]></property>
                <property name="fsname"><![CDATA[@ESP_PROJECT_HOME@/test_files/input-aggregate.csv]]></property>
                <property name="fstype"><![CDATA[csv]]></property>
              </properties>
            </connector>
          </connectors>
        </window-source>
        <window-aggregate pubsub="true" name="aggregateWindow">
          <description><![CDATA[Incoming events from the Source window are placed into aggregate groups. The Aggregate window in this model contains two aggregation functions, ESP_aMax and ESP_aSum.

ESP_aMax identifies the maximum price paid to purchase a stock in the aggregation group. ESP_aSum calculates the sum of the aggregation group.]]></description>
          <schema>
            <fields>
              <field name="symbol" type="string" key="true"/>
              <field name="totalQuant" type="int32"/>
              <field name="maxPrice" type="double"/>
            </fields>
          </schema>
          <output>
            <field-expr><![CDATA[ESP_aSum(quantity)]]></field-expr>
            <field-expr><![CDATA[ESP_aMax(price)]]></field-expr>
          </output>
        </window-aggregate>
      </windows>
      <edges>
        <description/>
        <edge source="sourceWindow" target="aggregateWindow"/>
      </edges>
    </contquery>
  </contqueries>
</project>