<project name="connector_orchestration" pubsub="auto" threads="4" heartbeat-interval="1">
  <metadata>
    <meta id="layout">{"cq":{"Employee_Data":{"x":50,"y":50},"Enriched_Data":{"x":50,"y":175},"Pattern_2_buildings":{"x":50,"y":295},"badge_swipes":{"x":290,"y":50}}}</meta>
    <meta id="studioUploadedBy">anonymous</meta>
    <meta id="studioUploaded">1756224965984</meta>
    <meta id="studioModifiedBy">anonymous</meta>
    <meta id="studioModified">1756225008072</meta>
    <meta id="studioTags">Example</meta>
  </metadata>
  <properties>
    <property name="ESP_PROJECT_HOME"><![CDATA[/data/packages/connector_orchestration/0.1/home]]></property>
    <property name="ESP_PROJECT_OUTPUT"><![CDATA[/data/packages/connector_orchestration/0.1/output]]></property>
  </properties>
  <contqueries>
    <contquery name="cq" trace="badge_swipes">
      <windows>
        <window-source index="pi_EMPTY" name="badge_swipes">
          <schema>
            <fields>
              <field name="id" type="int64" key="true"/>
              <field name="employee" type="string"/>
              <field name="building" type="string"/>
              <field name="timestamp" type="stamp"/>
            </fields>
          </schema>
          <connectors>
            <connector class="python" name="card_reader">
              <properties>
                <property name="type"><![CDATA[pub]]></property>
                <property name="interval"><![CDATA[500 milliseconds]]></property>
                <property name="dateformat"><![CDATA[“%m/%d/%Y %H:%M:%S”]]></property>
                <property name="code"><![CDATA[import datetime
import random
from datetime import datetime, timedelta

# Define some constants
EMPLOYEES = [f"EMP{str(i).zfill(3)}" for i in range(1, 21)]  # 20 employees
BUILDINGS = ["Training", "Administrative", "Data Center", "Tech Support"]
SWIPE_THRESHOLD = 5  # Max number of swipes within a short time window (in minutes)
FREQUENT_SWIPE_THRESHOLD = 3  # Max swipes in a single building within a short time frame (in minutes)
SHORT_TIME_WINDOW = timedelta(minutes=5)

# Simulation parameters
SIMULATION_START_DATE = datetime.now() - timedelta(days=2)  # Approximately 4 days
SIMULATION_END_DATE = datetime.now()

id = 1
current_time = SIMULATION_START_DATE


# Simulate a badge swipe event
def publish():
    global id 
    global SIMULATION_END_DATE
    global current_time
    event = {}
    
    event["id"] = id
    event["employee"] = random.choice(EMPLOYEES)
    event["building"] = random.choice(BUILDINGS)
    
    event["timestamp"] = int(current_time.timestamp() * 1000000)
    
    id += 1
    SIMULATION_STEP = timedelta(seconds=random.randint(5, 10))  # Random interval between 1 and 60 minutes
    current_time += SIMULATION_STEP
    
    return {
        "events": event,
        "done": current_time >= SIMULATION_END_DATE
    }



]]></property>
              </properties>
            </connector>
          </connectors>
        </window-source>
        <window-source index="pi_EMPTY" name="Employee_Data">
          <schema>
            <fields>
              <field name="EmployeeID" type="string" key="true"/>
              <field name="FirstName" type="string"/>
              <field name="LastName" type="string"/>
              <field name="Position" type="string"/>
              <field name="Email" type="string"/>
            </fields>
          </schema>
          <connectors>
            <connector class="python" name="campus_metadata">
              <properties>
                <property name="type"><![CDATA[pub]]></property>
                <property name="code"><![CDATA[def publish():
    data = """
        EMP001,John,Smith,Network Engineer,john.smith@commcorp.com
        EMP002,Emily,Johnson,Sales Manager,emily.johnson@commcorp.com
        EMP003,Michael,Brown,Customer Support Specialist,michael.brown@commcorp.com
        EMP004,Amy,Williams,Product Manager,amy.williams@commcorp.com
        EMP005,David,Jones,Telecommunications Technician,david.jones@commcorp.com
        EMP006,Linda,Garcia,Public Relations Coordinator,linda.garcia@commcorp.com
        EMP007,James,Martinez,Field Service Engineer,james.martinez@commcorp.com
        EMP008,Olivia,Davis,Marketing Director,olivia.davis@commcorp.com
        EMP009,Daniel,Anderson,Software Developer,daniel.anderson@commcorp.com
        EMP010,Susan,Moore,HR Specialist,susan.moore@commcorp.com
        EMP011,Robert,Taylor,Project Manager,robert.taylor@commcorp.com
        EMP012,Sophia,Lee,Customer Experience Manager,sophia.lee@commcorp.com
        EMP013,William,Wilson,Quality Assurance Analyst,william.wilson@commcorp.com
        EMP014,Isabella,Thomas,Account Manager,isabella.thomas@commcorp.com
        EMP015,George,White,Telecommunications Analyst,george.white@commcorp.com
        EMP016,Charlotte,Clark,Content Strategist,charlotte.clark@commcorp.com
        EMP017,Elijah,Lopez,Network Administrator,elijah.lopez@commcorp.com
        EMP018,Mia,Martinez,Executive Assistant,mia.martinez@commcorp.com
        EMP019,Lucas,Harris,IT Support Specialist,lucas.harris@commcorp.com
        EMP020,Ava,King,Finance Coordinator,ava.king@commcorp.com
    """

    return {
        "events":data,
        "format":"csv",
        "opcode":"i",
        "flags":"n",
        "done":True
    }
]]></property>
              </properties>
            </connector>
          </connectors>
        </window-source>
        <window-join output-insert-only="true" collapse-updates="false" name="Enriched_Data">
          <description><![CDATA[The join window combines data sources to enhance the data stream.]]></description>
          <join type="leftouter">
            <conditions>
              <fields left="employee" right="EmployeeID"/>
            </conditions>
          </join>
          <output>
            <field-selection name="employee" source="l_employee"/>
            <field-selection name="building" source="l_building"/>
            <field-selection name="timestamp" source="l_timestamp"/>
            <field-selection name="FirstName" source="r_FirstName"/>
            <field-selection name="LastName" source="r_LastName"/>
            <field-selection name="Position" source="r_Position"/>
          </output>
        </window-join>
        <window-pattern name="Pattern_2_buildings">
          <description><![CDATA[Detect which employees are badging into multiple building at the same time.]]></description>
          <schema>
            <fields>
              <field name="id" type="int64" key="true"/>
              <field name="employee" type="string"/>
              <field name="building1" type="string"/>
              <field name="building2" type="string"/>
              <field name="b1_time" type="stamp"/>
              <field name="b2_time" type="stamp"/>
            </fields>
          </schema>
          <patterns>
            <pattern name="badgingIn" index="employee">
              <events>
                <event name="E1_blg1" source="Enriched_Data"><![CDATA[building != "" and b == building]]></event>
                <event name="E2_blg2" source="Enriched_Data"><![CDATA[building != ""  and b != building]]></event>
              </events>
              <logic><![CDATA[ fby{5 minutes}(E1_blg1,E2_blg2) ]]></logic>
              <output>
                <field-selection name="employee" node="E1_blg1"/>
                <field-selection name="building" node="E1_blg1"/>
                <field-selection name="building" node="E2_blg2"/>
                <field-selection name="timestamp" node="E1_blg1"/>
                <field-selection name="timestamp" node="E2_blg2"/>
              </output>
              <timefields>
                <timefield source="Enriched_Data" field="timestamp"/>
              </timefields>
            </pattern>
          </patterns>
          <connectors>
            <connector class="fs" name="record_violations">
              <properties>
                <property name="type"><![CDATA[sub]]></property>
                <property name="periodicity"><![CDATA[3100000]]></property>
                <property name="dateformat"><![CDATA[%m/%d/%Y:%H:%M:%S]]></property>
                <property name="fsname"><![CDATA[@ESP_PROJECT_OUTPUT@/building_violations.csv]]></property>
                <property name="fstype"><![CDATA[csv]]></property>
                <property name="snapshot"><![CDATA[false]]></property>
              </properties>
            </connector>
          </connectors>
        </window-pattern>
      </windows>
      <edges>
        <edge source="badge_swipes" target="Enriched_Data" role="left"/>
        <edge source="Employee_Data" target="Enriched_Data" role="right"/>
        <edge source="Enriched_Data" target="Pattern_2_buildings"/>
      </edges>
    </contquery>
  </contqueries>
  <project-connectors>
    <connector-groups>
      <connector-group name="First_EmployeeData">
        <description><![CDATA[First read in employee data before reading in badge reader data.]]></description>
        <connector-entry connector="cq/Employee_Data/campus_metadata" state="finished"/>
      </connector-group>
      <connector-group name="Second_OutputViolations">
        <description><![CDATA[Open the output stream after employee data is finished loading]]></description>
        <connector-entry connector="cq/Pattern_2_buildings/record_violations" state="running"/>
      </connector-group>
      <connector-group name="Third_badgereaderdata">
        <description><![CDATA[Start badge reader data once all other connectors are finished or running.]]></description>
        <connector-entry connector="cq/badge_swipes/card_reader" state="running"/>
      </connector-group>
    </connector-groups>
    <edges>
      <edge source="Second_OutputViolations" target="First_EmployeeData"/>
      <edge source="Third_badgereaderdata" target="Second_OutputViolations"/>
    </edges>
  </project-connectors>
</project>