<project name="_example_slot_exp" pubsub="auto" threads="1" heartbeat-interval="1" luaroot="@ESP_PROJECT_OUTPUT@/luaroot">
  <description><![CDATA[This model enables you to send generated stock market events across a set of output slots. It contains a Source window, a Compute window, and three Copy windows. The Compute window uses an expression to determine what output slot or slots should be used for a newly generated stock market event. The Copy windows connect to the Compute window using different output slots.

Filtering events using window splitters with only one output slot can be more efficient than using multiple Filter windows. This is because the filtering is performed at the window splitter only, rather than at multiple times for each filter. For example, performing an alpha-split across a set of trades results in less data movement and data processing than performing an alpha-split across multiple Filter windows.

This example uses six files listed below:

The XML file (model.xml) associated with this example.
stocktrades.csv is an input file. This file contains a list of stock trades.
compute.csv is an output file. When you run the model, the computed fields are written to the compute.csv file.
cw_01.csv is an output file. Stock market events from slot 0 are sent to the cw_01.csv file.
cw_02.csv is an output file. Stock market events from slot 1 are sent to the cw_02.csv file.
cw_03.csv is an output file. Stock market events from slot –1 are sent to the cw_03.csv file.]]></description>
  <metadata>
    <meta id="studioUploadedBy">anonymousUser</meta>
    <meta id="studioUploaded">1694433459457</meta>
    <meta id="studioModifiedBy">anonymousUser</meta>
    <meta id="studioModified">1694433468305</meta>
    <meta id="layout">{"cq_01":{"compute_win":{"x":330,"y":175},"cw_01":{"x":50,"y":295},"cw_02":{"x":330,"y":295},"cw_03":{"x":610,"y":295},"src_win":{"x":330,"y":50}}}</meta>
    <meta id="studioTags">Example</meta>
  </metadata>
  <contqueries>
    <contquery name="cq_01">
      <windows>
        <window-source index="pi_RBTREE" name="src_win">
          <description><![CDATA[src_win window is a Source window. This is where a list of securities transactions from the stocktrades.csv file enter the model.]]></description>
          <schema>
            <fields>
              <field name="ID" type="int32" key="true"/>
              <field name="symbol" type="string"/>
              <field name="price" type="double"/>
            </fields>
          </schema>
          <connectors>
            <connector class="fs" name="input_slot">
              <properties>
                <property name="type"><![CDATA[pub]]></property>
                <property name="fsname"><![CDATA[@ESP_PROJECT_HOME@/test_files/stocktrades.csv]]></property>
                <property name="fstype"><![CDATA[csv]]></property>
              </properties>
            </connector>
          </connectors>
        </window-source>
        <window-compute name="compute_win">
          <description><![CDATA[compute_win window is a Compute window. The computed fields are listed in the compute.csv file.]]></description>
          <splitter-expr>
            <expression><![CDATA[ID%2]]></expression>
          </splitter-expr>
          <expr-initialize>
            <initializer type="int32"><![CDATA[integer counter 
                	counter=0]]></initializer>
          </expr-initialize>
          <schema>
            <fields>
              <field name="ID" type="int32" key="true"/>
              <field name="counter" type="int32"/>
              <field name="symbol" type="string"/>
              <field name="price" type="double"/>
            </fields>
          </schema>
          <output>
            <field-expr><![CDATA[counter=counter+1 return counter]]></field-expr>
            <field-expr><![CDATA[symbol]]></field-expr>
            <field-expr><![CDATA[price]]></field-expr>
          </output>
          <connectors>
            <connector class="fs" name="sub">
              <properties>
                <property name="type"><![CDATA[sub]]></property>
                <property name="snapshot"><![CDATA[true]]></property>
                <property name="fsname"><![CDATA[@ESP_PROJECT_OUTPUT@/compute.csv]]></property>
                <property name="fstype"><![CDATA[csv]]></property>
              </properties>
            </connector>
          </connectors>
        </window-compute>
        <window-copy name="cw_01">
          <description><![CDATA[cw_01 window is a Copy window. The window writes the results of the trades allocated to slot 0 to the cw_01.csv file.]]></description>
          <retention type="bycount_sliding"><![CDATA[1000]]></retention>
          <connectors>
            <connector class="fs" name="sub1">
              <properties>
                <property name="type"><![CDATA[sub]]></property>
                <property name="snapshot"><![CDATA[true]]></property>
                <property name="fsname"><![CDATA[@ESP_PROJECT_OUTPUT@/cw_01.csv]]></property>
                <property name="fstype"><![CDATA[csv]]></property>
              </properties>
            </connector>
          </connectors>
        </window-copy>
        <window-copy name="cw_02">
          <description><![CDATA[cw_02 window is a Copy window. The window writes the results of the trades allocated to slot 1 to the cw_02.csv file.]]></description>
          <retention type="bycount_sliding"><![CDATA[1000]]></retention>
          <connectors>
            <connector class="fs" name="sub2">
              <properties>
                <property name="type"><![CDATA[sub]]></property>
                <property name="snapshot"><![CDATA[true]]></property>
                <property name="fsname"><![CDATA[@ESP_PROJECT_OUTPUT@/cw_02.csv]]></property>
                <property name="fstype"><![CDATA[csv]]></property>
              </properties>
            </connector>
          </connectors>
        </window-copy>
        <window-copy name="cw_03">
          <description><![CDATA[cw_03 window is a Copy window. The window writes the results of the trades allocated to slot –1 to the cw_03.csv file.]]></description>
          <retention type="bycount_sliding"><![CDATA[1000]]></retention>
          <connectors>
            <connector class="fs" name="sub3">
              <properties>
                <property name="type"><![CDATA[sub]]></property>
                <property name="snapshot"><![CDATA[true]]></property>
                <property name="fsname"><![CDATA[@ESP_PROJECT_OUTPUT@/cw_03.csv]]></property>
                <property name="fstype"><![CDATA[csv]]></property>
              </properties>
            </connector>
          </connectors>
        </window-copy>
      </windows>
      <edges>
        <edge source="src_win" target="compute_win"/>
        <edge source="compute_win" target="cw_01" slot="0"/>
        <edge source="compute_win" target="cw_02" slot="1"/>
        <edge source="compute_win" target="cw_03" slot="-1"/>
      </edges>
    </contquery>
  </contqueries>
</project>