<project heartbeat-interval="1" index="pi_EMPTY" name="python_pattern" pubsub="auto" threads="4">
      
    <description><![CDATA[This model identifies decreases in a stock's price over time. The Pattern window uses Python code to define the events of interest to be matched.]]></description>
      
    <metadata>
            
        <meta id="layout">{"cq":{"Pattern":{"x":50,"y":175},"Source":{"x":50,"y":50}}}</meta>
            
        <meta id="studioUploadedBy">mtlpst</meta>
            
        <meta id="studioUploaded">1709195206561</meta>
            
        <meta id="studioModified">1709210369416</meta>
            
        <meta id="studioModifiedBy">mtlpst</meta>
            
        <meta id="studioTags">Example</meta>
          
    </metadata>
      
    <contqueries>
            
        <contquery name="cq" trace="Pattern">
                  
            <windows>
                        
                <window-source autogen-key="true" insert-only="true" name="Source">
                              
                    <description><![CDATA[This Source window is where stock trades from the input.csv file enter the model. ]]></description>
                              
                    <schema>
                                    
                        <fields>
                                          
                            <field key="true" name="id" type="int64"/>
                                          
                            <field name="broker" type="string"/>
                                          
                            <field name="symbol" type="string"/>
                                          
                            <field name="price" type="double"/>
                                          
                            <field name="quantity" type="int32"/>
                                        
                        </fields>
                                  
                    </schema>
                              
                    <connectors>
                                    
                        <connector class="fs" name="connector">
                                          
                            <properties>
                                                
                                <property name="type"><![CDATA[pub]]></property>
                                                
                                <property name="fstype"><![CDATA[csv]]></property>
                                                
                                <property name="fsname"><![CDATA[@ESP_PROJECT_HOME@/files/input.csv]]></property>
                                              
                            </properties>
                                        
                        </connector>
                                  
                    </connectors>
                            
                </window-source>
                        
                <window-pattern name="Pattern">
                              
                    <description><![CDATA[Stock trade patterns are matched in this Pattern window.]]></description>
                              
                    <schema>
                                    
                        <fields>
                                          
                            <field key="true" name="id" type="int64"/>
                                          
                            <field name="symbol" type="string"/>
                                          
                            <field name="ids" type="array(i32)"/>
                                          
                            <field name="prices" type="array(dbl)"/>
                                          
                            <field name="quants" type="array(i32)"/>
                                        
                        </fields>
                                  
                    </schema>
                              
                    <patterns>
                                    
                        <pattern index="symbol" name="pattern1">
                                          
                            <python-events>
                                                
                                <event func="start" name="start"/>
                                                
                                <event func="decreasing_trades" name="decrease"/>
                                              
                            </python-events>
                                          
                            <logic><![CDATA[fby(start,is:3(decrease))]]></logic>
                                          
                            <code output="output"><![CDATA[import esp
    
def start(event,context):
    return True, {"price":event["price"]}
    
def decreasing_trades(event,context):
    print(str(context))
    if (event["price"] < context["data"]["price"]):
        return True, {"price":event["price"]}
    
    return False
    
def output(context):
    ids = []
    prices = []
    quants = []
    
    ids.append(context["events"]["start"]["id"])
    prices.append(context["events"]["start"]["price"])
    quants.append(context["events"]["start"]["quantity"])
    
    for value in context["events"]["decrease"]:
        ids.append(value["id"])
        prices.append(value["price"])
        quants.append(value["quantity"])
    
    event = {}
    event["symbol"] = context["events"]["start"]["symbol"]
    event["ids"] = ids
    event["prices"] = prices
    event["quants"] = quants
    
    return(event)]]></code>
                                        
                        </pattern>
                                  
                    </patterns>
                            
                </window-pattern>
                      
            </windows>
                  
            <edges>
                        
                <edge source="Source" target="Pattern"/>
                      
            </edges>
                
        </contquery>
          
    </contqueries>
    
</project>
