i,n,1000,0.659778486
i,n,1001,0.3853180027
i,n,1002,-0.208323997
i,n,1003,-1.223469043
i,n,1004,0.6443866805
i,n,1005,0.0508950177
i,n,1006,0.4858646211
i,n,1007,-0.072893983
i,n,1008,-0.277554278
i,n,1009,-0.805537729
i,n,1010,-0.406195166
i,n,1011,-0.785171594
i,n,1012,0.207635447
i,n,1013,-0.707648025
i,n,1014,0.2192937727
i,n,1015,-0.323278609
i,n,1016,0.7177334917
i,n,1017,-0.599458654
i,n,1018,-2.328031635
i,n,1019,-0.103295686
i,n,1020,0.8037525398
i,n,1021,-1.111765895
i,n,1022,0.5113295478
i,n,1023,0.5549590803
i,n,1024,0.449637251
i,n,1025,-0.672313414
i,n,1026,-2.436469847
i,n,1027,1.6308040075
i,n,1028,2.2532411302
i,n,1029,-0.855893056
i,n,1030,0.6915062041
i,n,1031,-0.297195938
i,n,1032,0.0219218348
i,n,1033,-0.887984311
i,n,1034,1.8789051091
i,n,1035,-0.39282553
i,n,1036,0.0162108933
i,n,1037,0.0981116866
i,n,1038,1.0997377778
i,n,1039,-0.709132043
i,n,1040,-1.813384444
i,n,1041,1.5504448758
i,n,1042,-0.296157787
i,n,1043,2.209087258
i,n,1044,-0.371887558
i,n,1045,0.7140673655
i,n,1046,0.2788802522
i,n,1047,-0.083432777
i,n,1048,0.1330878238
i,n,1049,1.1431845405
i,n,1050,0.5812934163
i,n,1051,0.6027907199
i,n,1052,0.6967009216
i,n,1053,0.5952217683
i,n,1054,-0.373232109
i,n,1055,-0.221162318
i,n,1056,0.0301163653
i,n,1057,-0.63598748
i,n,1058,-0.596476727
i,n,1059,-1.631572954
i,n,1060,-0.144663235
i,n,1061,-0.158666514
i,n,1062,-1.608841112
i,n,1063,0.8193429009
i,n,1064,-2.097234955
i,n,1065,0.0763124457
i,n,1066,0.7069226112
i,n,1067,-0.427851999
i,n,1068,-0.385439808
i,n,1069,-0.676660749
i,n,1070,-1.053525321
i,n,1071,0.2819610273
i,n,1072,0.2558775568
i,n,1073,-1.761461527
i,n,1074,0.6954672944
i,n,1075,0.1760554723
i,n,1076,-0.989143788
i,n,1077,0.6733225766
i,n,1078,0.0016765987
i,n,1079,-1.589957897
i,n,1080,0.1997055646
i,n,1081,-1.054061862
i,n,1082,0.0769259374
i,n,1083,-0.47422714
i,n,1084,-0.165441186
i,n,1085,0.8527939447
i,n,1086,-0.580916745
i,n,1087,-1.27203249
i,n,1088,-0.570134742
i,n,1089,0.8138821393
i,n,1090,0.8868817772
i,n,1091,-0.269177454
i,n,1092,-0.609336427
i,n,1093,0.4661003171
i,n,1094,-0.242840408
i,n,1095,-2.459189083
i,n,1096,-0.188294805
i,n,1097,0.6911650411
i,n,1098,0.0263629975
i,n,1099,-0.144584947
i,n,1100,0.8028336433
i,n,1101,0.9359484505
i,n,1102,0.3691976953
i,n,1103,-0.741148716
i,n,1104,-1.929700133
i,n,1105,0.80150382
i,n,1106,-0.03097956
i,n,1107,-0.676201917
i,n,1108,-0.886392306
i,n,1109,0.7995255853
i,n,1110,-0.868125177
i,n,1111,0.501515327
i,n,1112,0.1982472725
i,n,1113,1.1791862332
i,n,1114,0.5423377679
i,n,1115,-0.240217699
i,n,1116,-0.265253183
i,n,1117,-0.597561168
i,n,1118,0.2168274433
i,n,1119,-2.854939899
i,n,1120,0.5639926974
i,n,1121,-0.628319454
i,n,1122,-0.870950436
i,n,1123,1.8384798329
i,n,1124,1.5882552449
i,n,1125,0.6248639399
i,n,1126,-0.4573398
i,n,1127,-0.857582201
i,n,1128,0.4912418211
i,n,1129,-0.721194084
i,n,1130,-0.705964397
i,n,1131,-1.220917187
i,n,1132,-0.907880974
i,n,1133,1.6465365626
i,n,1134,-0.506859218
i,n,1135,0.1906913067
i,n,1136,-0.936478852
i,n,1137,0.179916428
i,n,1138,-0.017712176
i,n,1139,0.0407782556
i,n,1140,0.477008198
i,n,1141,2.513817895
i,n,1142,-1.186424154
i,n,1143,0.446644396
i,n,1144,-0.250184791
i,n,1145,0.9522337347
i,n,1146,0.7572856959
i,n,1147,-0.320326655
i,n,1148,-0.320474588
i,n,1149,-0.494348161
i,n,1150,-1.233957287
i,n,1151,-0.372723177
i,n,1152,1.4445440935
i,n,1153,2.4466192119
i,n,1154,-2.559479306
i,n,1155,0.3498640163
i,n,1156,1.1398381213
i,n,1157,0.2750927404
i,n,1158,-0.341409597
i,n,1159,0.429988876
i,n,1160,-0.427322825
i,n,1161,0.5300418262
i,n,1162,0.5088892631
i,n,1163,-2.080797016
i,n,1164,1.0719845925
i,n,1165,0.253613865
i,n,1166,-0.200015804
i,n,1167,1.1336789955
i,n,1168,1.3528919809
i,n,1169,-0.603028307
i,n,1170,-0.722101359
i,n,1171,-0.075850905
i,n,1172,-0.363121869
i,n,1173,-0.580816813
i,n,1174,-0.803675144
i,n,1175,1.1449114954
i,n,1176,-0.036030918
i,n,1177,-0.068861714
i,n,1178,-1.35068265
i,n,1179,0.9533252479
i,n,1180,-0.385295145
i,n,1181,1.8737089663
i,n,1182,1.726649808
i,n,1183,-0.729788361
i,n,1184,-0.685455085
i,n,1185,0.4723865752
i,n,1186,-0.460560345
i,n,1187,-0.811416745
i,n,1188,0.5263193185
i,n,1189,2.4112345993
i,n,1190,-1.879457409
i,n,1191,1.0091817873
i,n,1192,0.9466172601
i,n,1193,0.2678554482
i,n,1194,0.6114612028
i,n,1195,0.7655999301
i,n,1196,-0.327306182
i,n,1197,-1.240352706
i,n,1198,0.0697964062
i,n,1199,0.2687901778
i,n,1200,1.3252859479
i,n,1201,-0.204460194
i,n,1202,0.3661744849
i,n,1203,0.7521018522
i,n,1204,0.0604690319
i,n,1205,0.2159054666
i,n,1206,0.3961409667
i,n,1207,1.2182150392
i,n,1208,-0.28189013
i,n,1209,-0.025045544
i,n,1210,-0.391314821
i,n,1211,-0.143164037
i,n,1212,-1.871921955
i,n,1213,-0.821669306
i,n,1214,-0.980901393
i,n,1215,-0.770365221
i,n,1216,0.5382543237
i,n,1217,0.7287678133
i,n,1218,-1.34810422
i,n,1219,0.6595420615
i,n,1220,-0.379409861
i,n,1221,0.1608084102
i,n,1222,0.079242925
i,n,1223,-0.784948845
i,n,1224,1.2942774361
i,n,1225,-1.145264587
i,n,1226,-0.044145916
i,n,1227,0.4789874
i,n,1228,-1.119269354
i,n,1229,0.6058411915
i,n,1230,0.2363281741
i,n,1231,0.0223439299
i,n,1232,0.4661255669
i,n,1233,-1.428264295
i,n,1234,-0.675880851
i,n,1235,-0.647406004
i,n,1236,-1.857990486
i,n,1237,0.3640216528
i,n,1238,-0.031952994
i,n,1239,-0.753669878
i,n,1240,0.8111236594
i,n,1241,-0.038993037
i,n,1242,1.6892761877
i,n,1243,0.0862329788
i,n,1244,0.8170949173
i,n,1245,0.6378505689
i,n,1246,-1.112307338
i,n,1247,-0.107582243
i,n,1248,1.0416855727
i,n,1249,-0.460302133
i,n,1250,-1.939085821
i,n,1251,-0.800887341
i,n,1252,1.0259694677
i,n,1253,0.2204673103
i,n,1254,0.1237153799
i,n,1255,-0.763452249
i,n,1256,0.644435385
i,n,1257,0.3470308561
i,n,1258,-0.958830909
i,n,1259,-0.18323218
i,n,1260,0.4564524732
i,n,1261,1.8835301013
i,n,1262,-0.311564078
i,n,1263,-1.12652506
i,n,1264,-0.697755092
i,n,1265,0.033026852
i,n,1266,-0.408730184
i,n,1267,0.3041441447
i,n,1268,-3.250318428
i,n,1269,-0.80501161
i,n,1270,1.8898398239
i,n,1271,0.4378436562
i,n,1272,-0.988399652
i,n,1273,-0.586613024
i,n,1274,0.41293311
i,n,1275,0.1615172198
i,n,1276,1.6687816526
i,n,1277,-1.829908115
i,n,1278,0.8920830019
i,n,1279,0.1546093008
i,n,1280,-1.151843535
i,n,1281,0.985458427
i,n,1282,0.3094753529
i,n,1283,-1.390482269
i,n,1284,-2.043701136
i,n,1285,-0.279157149
i,n,1286,-0.703987663
i,n,1287,-0.529994203
i,n,1288,-0.64683365
i,n,1289,-0.718726058
i,n,1290,-0.057156398
i,n,1291,-0.506791379
i,n,1292,1.5057009837
i,n,1293,-2.096331669
i,n,1294,-0.724657596
i,n,1295,-0.670431243
i,n,1296,-0.251646045
i,n,1297,-1.196669593
i,n,1298,-0.523691756
i,n,1299,-0.868854158
i,n,1300,-0.307128762
i,n,1301,-1.940883516
i,n,1302,0.4667464947
i,n,1303,0.9662860327
i,n,1304,0.2872738323
i,n,1305,-0.786113784
i,n,1306,0.7316482307
i,n,1307,-0.681334301
i,n,1308,-1.321354879
i,n,1309,0.8709584257
i,n,1310,0.9156651768
i,n,1311,0.1033418074
i,n,1312,1.1303798023
i,n,1313,1.3444862826
i,n,1314,0.3460324514
i,n,1315,0.3522876013
i,n,1316,-0.342705402
i,n,1317,0.4382940829
i,n,1318,-1.401862796
i,n,1319,0.1226437079
i,n,1320,-0.121302505
i,n,1321,-0.218213599
i,n,1322,1.8312866768
i,n,1323,0.064231815
i,n,1324,-1.627755072
i,n,1325,0.8134054008
i,n,1326,-1.553812496
i,n,1327,-0.676306302
i,n,1328,-0.079822546
i,n,1329,-0.338732777
i,n,1330,-0.424223547
i,n,1331,-0.254084441
i,n,1332,-1.039751911
i,n,1333,1.5429169123
i,n,1334,-0.099061951
i,n,1335,-0.203402251
i,n,1336,-0.896001407
i,n,1337,-0.825929553
i,n,1338,-0.874171766
i,n,1339,1.1431781649
i,n,1340,-1.24502989
i,n,1341,-1.507240072
i,n,1342,-0.104085654
i,n,1343,0.3231857778
i,n,1344,0.1406356192
i,n,1345,0.7576111704
i,n,1346,-0.583524869
i,n,1347,0.9413467458
i,n,1348,-0.519468642
i,n,1349,1.5561880377
i,n,1350,0.0617463834
i,n,1351,0.2767986357
i,n,1352,0.0842656946
i,n,1353,-1.266883345
i,n,1354,-1.537983878
i,n,1355,0.6727659485
i,n,1356,0.0950568298
i,n,1357,0.8685772371
i,n,1358,-0.035817766
i,n,1359,-2.482605829
i,n,1360,-2.109426496
i,n,1361,0.2700706464
i,n,1362,-2.542884659
i,n,1363,0.4901973933
i,n,1364,0.2966025807
i,n,1365,0.7704342798
i,n,1366,1.2563739157
i,n,1367,-0.79500765
i,n,1368,-1.110492734
i,n,1369,-1.480558634
i,n,1370,0.9606050435
i,n,1371,-0.772710292
i,n,1372,-1.438964843
i,n,1373,-0.995945172
i,n,1374,0.3833266387
i,n,1375,1.0277827295
i,n,1376,-0.475008616
i,n,1377,-1.484177195
i,n,1378,0.217460018
i,n,1379,-0.409235968
i,n,1380,-1.581018193
i,n,1381,0.8156438961
i,n,1382,0.1036947893
i,n,1383,0.0203464042
i,n,1384,-0.938510942
i,n,1385,-0.34590565
i,n,1386,-0.218894026
i,n,1387,0.3366423897
i,n,1388,0.0737985652
i,n,1389,1.3926840561
i,n,1390,-0.233992389
i,n,1391,-0.34295273
i,n,1392,-0.672020439
i,n,1393,0.5936754889
i,n,1394,-2.235265355
i,n,1395,1.0505471078
i,n,1396,-1.234753935
i,n,1397,-0.793284333
i,n,1398,1.1937291582
i,n,1399,-0.270616136
i,n,1400,1.5089098274
i,n,1401,-0.00965779
i,n,1402,0.3574986899
i,n,1403,0.6872111702
i,n,1404,1.523829624
i,n,1405,-0.293500648
i,n,1406,-1.203286509
i,n,1407,-0.329794667
i,n,1408,0.8126977363
i,n,1409,-2.456767394
i,n,1410,0.3609924783
i,n,1411,1.281212982
i,n,1412,-0.399762186
i,n,1413,2.5590044043
i,n,1414,-0.523420278
i,n,1415,1.8294111575
i,n,1416,-2.056482554
i,n,1417,0.065840131
i,n,1418,-1.828953888
i,n,1419,0.1981113448
i,n,1420,0.8931761588
i,n,1421,0.5545072645
i,n,1422,0.7770639927
i,n,1423,-1.080889542
i,n,1424,-1.65243991
i,n,1425,-0.665841056
i,n,1426,1.680295122
i,n,1427,-1.180428066
i,n,1428,0.612559411
i,n,1429,-0.460382169
i,n,1430,0.9821982729
i,n,1431,-0.51434691
i,n,1432,0.468881867
i,n,1433,-0.721038676
i,n,1434,0.4261786898
i,n,1435,0.0777272133
i,n,1436,-2.174697189
i,n,1437,0.6797034595
i,n,1438,-1.045359437
i,n,1439,-1.594569493
i,n,1440,0.0804057512
i,n,1441,-0.958075219
i,n,1442,0.8317824209
i,n,1443,-1.758897154
i,n,1444,0.7452322785
i,n,1445,0.6953135656
i,n,1446,0.7998339873
i,n,1447,0.4280542976
i,n,1448,1.3640545338
i,n,1449,-1.09999967
i,n,1450,0.4679758115
i,n,1451,-2.733238076
i,n,1452,-0.22819621
i,n,1453,1.2609704239
i,n,1454,0.6327533377
i,n,1455,0.055162835
i,n,1456,0.3641345166
i,n,1457,0.3126545571
i,n,1458,-0.346621477
i,n,1459,-0.817859195
i,n,1460,0.0790072653
i,n,1461,-0.40001554
i,n,1462,-0.075443526
i,n,1463,1.2734826813
i,n,1464,-0.187646025
i,n,1465,-0.072068085
i,n,1466,-0.216095207
i,n,1467,-0.039622761
i,n,1468,0.554550942
i,n,1469,0.5253350297
i,n,1470,0.5806824124
i,n,1471,-2.884182256
i,n,1472,0.8467741306
i,n,1473,0.4919773103
i,n,1474,0.2542136917
i,n,1475,-0.69377506
i,n,1476,0.8850162078
i,n,1477,-0.318031705
i,n,1478,-0.338725314
i,n,1479,-1.891378566
i,n,1480,0.8354222856
i,n,1481,1.1324993426
i,n,1482,0.271998241
i,n,1483,0.1882643384
i,n,1484,-0.838016704
i,n,1485,2.2107257689
i,n,1486,-0.412120032
i,n,1487,1.031972063
i,n,1488,0.9264208532
i,n,1489,0.9738066431
i,n,1490,-1.593677186
i,n,1491,0.0631127984
i,n,1492,-1.017381578
i,n,1493,-0.766693958
i,n,1494,-0.287748081
i,n,1495,0.4026607641
i,n,1496,0.9655955333
i,n,1497,2.0089206464
i,n,1498,1.4119380683
i,n,1499,-0.234732853
i,n,1500,0.398217573
i,n,1501,-0.160425194
i,n,1502,-1.12857328
i,n,1503,0.7345988342
i,n,1504,0.6873598336
i,n,1505,-1.615852802
i,n,1506,2.1262821747
i,n,1507,0.3129820398
i,n,1508,0.9028730516
i,n,1509,-1.605820643
i,n,1510,-0.014444022
i,n,1511,-0.775534609
i,n,1512,0.2194061479
i,n,1513,0.2690687417
i,n,1514,-0.936282768
i,n,1515,1.2705364992
i,n,1516,-1.297543042
i,n,1517,0.4402476392
i,n,1518,0.2470913775
i,n,1519,-0.493482566
i,n,1520,-0.394493149
i,n,1521,-1.440284406
i,n,1522,0.6726203359
i,n,1523,0.3370888444
i,n,1524,1.67972778
i,n,1525,-0.101387133
i,n,1526,-0.229202109
i,n,1527,0.8839842202
i,n,1528,-0.450156655
i,n,1529,-0.559275527
i,n,1530,-0.494818757
i,n,1531,-1.713305263
i,n,1532,-1.186045354
i,n,1533,-0.1237082
i,n,1534,0.1203648741
i,n,1535,0.138626583
i,n,1536,0.964731202
i,n,1537,0.2417836147
i,n,1538,-0.39308185
i,n,1539,0.8995379634
i,n,1540,-0.055519309
i,n,1541,-1.713348683
i,n,1542,-0.367289764
i,n,1543,0.300892698
i,n,1544,-1.091016402
i,n,1545,0.3966943587
i,n,1546,-0.646744679
i,n,1547,-0.172583796
i,n,1548,0.586701479
i,n,1549,0.2502261394
i,n,1550,0.3951213759
i,n,1551,-0.724010755
i,n,1552,-1.426820927
i,n,1553,-2.069380855
i,n,1554,-1.038005779
i,n,1555,-1.06819928
i,n,1556,-0.892724154
i,n,1557,0.1696822121
i,n,1558,-1.008712405
i,n,1559,-0.636954562
i,n,1560,1.3273375125
i,n,1561,1.3811870739
i,n,1562,-1.166643976
i,n,1563,0.5570097531
i,n,1564,1.387563796
i,n,1565,0.8812277749
i,n,1566,0.3136535386
i,n,1567,0.3394912694
i,n,1568,2.0364308365
i,n,1569,-1.055099014
i,n,1570,-0.090063207
i,n,1571,0.1393625635
i,n,1572,1.1601405442
i,n,1573,0.4329200709
i,n,1574,-1.4514796
i,n,1575,0.618366367
i,n,1576,-0.276393644
i,n,1577,-0.556319631
i,n,1578,-0.7451509
i,n,1579,-0.574365003
i,n,1580,0.9052970384
i,n,1581,1.3314923477
i,n,1582,-0.889761451
i,n,1583,-0.035433214
i,n,1584,-0.201850606
i,n,1585,-0.146254652
i,n,1586,0.0645881552
i,n,1587,0.4017942507
i,n,1588,0.9283665262
i,n,1589,-0.077674438
i,n,1590,-0.281536014
i,n,1591,-1.26199656
i,n,1592,-0.599050712
i,n,1593,-1.314302144
i,n,1594,2.2126080219
i,n,1595,-0.342800142
i,n,1596,-1.620436504
i,n,1597,1.7248985011
i,n,1598,1.4863707924
i,n,1599,-1.771005569
i,n,1600,-0.723641367
i,n,1601,1.2479869287
i,n,1602,-0.59541668
i,n,1603,0.0623519407
i,n,1604,-1.905188708
i,n,1605,-0.166217117
i,n,1606,0.9043320619
i,n,1607,0.5225637842
i,n,1608,1.7795731653
i,n,1609,-1.013623148
i,n,1610,3.4708875435
i,n,1611,-0.655770959
i,n,1612,1.507276339
i,n,1613,0.3042410223
i,n,1614,-1.515460234
i,n,1615,-1.500647664
i,n,1616,-1.465971128
i,n,1617,-0.352069461
i,n,1618,0.9248675687
i,n,1619,1.3440292535
i,n,1620,-0.94833533
i,n,1621,-0.091574833
i,n,1622,1.1735755892
i,n,1623,1.4672336132
i,n,1624,-0.986865043
i,n,1625,0.2925306918
i,n,1626,0.0145097219
i,n,1627,-0.110259209
i,n,1628,-0.122752228
i,n,1629,0.512284174
i,n,1630,0.0771283326
i,n,1631,-0.988216013
i,n,1632,-1.099570358
i,n,1633,1.5891175089
i,n,1634,0.7278423918
i,n,1635,0.3561504751
i,n,1636,1.5405347059
i,n,1637,-0.023752105
i,n,1638,0.9138489354
i,n,1639,1.4705227998
i,n,1640,-1.043125077
i,n,1641,0.4363604356
i,n,1642,1.6785996597
i,n,1643,-0.615841162
i,n,1644,0.2886666798
i,n,1645,1.2514348654
i,n,1646,-1.236862343
i,n,1647,0.028769166
i,n,1648,0.8451679318
i,n,1649,0.6455363182
i,n,1650,-0.681501793
i,n,1651,1.4535432394
i,n,1652,-0.77794723
i,n,1653,-0.880766051
i,n,1654,0.0021945834
i,n,1655,-0.024354133
i,n,1656,-0.174045022
i,n,1657,0.4879885063
i,n,1658,1.6244345081
i,n,1659,-0.646979809
i,n,1660,-0.438783247
i,n,1661,-0.133432778
i,n,1662,1.0837665482
i,n,1663,0.2924595593
i,n,1664,-0.744742585
i,n,1665,0.1786912297
i,n,1666,0.551970345
i,n,1667,-0.049205
i,n,1668,-1.065599466
i,n,1669,0.123310698
i,n,1670,-2.285057924
i,n,1671,-1.46606697
i,n,1672,0.9238535159
i,n,1673,-0.417701861
i,n,1674,0.4790393129
i,n,1675,-1.373125617
i,n,1676,0.3559110491
i,n,1677,-0.282931236
i,n,1678,-0.595554254
i,n,1679,-1.017795816
i,n,1680,-0.619123181
i,n,1681,-0.554735402
i,n,1682,0.1736176778
i,n,1683,0.2766677086
i,n,1684,-0.741897937
i,n,1685,2.047428472
i,n,1686,-0.840509465
i,n,1687,-0.767868318
i,n,1688,0.593765148
i,n,1689,-0.280188062
i,n,1690,-0.595914924
i,n,1691,2.5264316525
i,n,1692,-0.502461249
i,n,1693,0.9559801194
i,n,1694,0.1750939795
i,n,1695,0.2350016955
i,n,1696,1.3576535521
i,n,1697,-0.125714184
i,n,1698,0.6332592475
i,n,1699,-0.840246857
i,n,1700,-1.922494694
i,n,1701,-0.812723667
i,n,1702,-1.184852432
i,n,1703,0.5512845657
i,n,1704,-1.359972581
i,n,1705,-0.741647585
i,n,1706,0.2982425676
i,n,1707,2.2366075219
i,n,1708,-0.457303919
i,n,1709,1.4554787103
i,n,1710,0.4913158472
i,n,1711,1.0565125675
i,n,1712,0.6189461197
i,n,1713,1.4714324892
i,n,1714,-0.298194337
i,n,1715,-1.060287047
i,n,1716,0.9351100614
i,n,1717,0.2704511722
i,n,1718,0.385994402
i,n,1719,-1.456921962
i,n,1720,-1.240585678
i,n,1721,1.1480062991
i,n,1722,-0.730012655
i,n,1723,0.7902141102
i,n,1724,-0.152967711
i,n,1725,0.5561719863
i,n,1726,-1.254896072
i,n,1727,-0.22423657
i,n,1728,1.8533945326
i,n,1729,-0.284241991
i,n,1730,1.5402570388
i,n,1731,1.3309958938
i,n,1732,-1.967418956
i,n,1733,-1.710952874
i,n,1734,0.01115471
i,n,1735,0.5033423351
i,n,1736,-0.590670791
i,n,1737,1.9271602328
i,n,1738,0.5095196498
i,n,1739,1.4551917056
i,n,1740,-0.254899604
i,n,1741,0.2495174362
i,n,1742,0.6777079276
i,n,1743,-1.459340132
i,n,1744,-0.765891984
i,n,1745,-0.955318551
i,n,1746,-0.30563589
i,n,1747,0.7967101508
i,n,1748,-0.257415416
i,n,1749,1.4291107437
i,n,1750,-1.422270606
i,n,1751,0.7307080848
i,n,1752,2.3454717264
i,n,1753,0.3890242672
i,n,1754,0.0488553115
i,n,1755,0.3590931129
i,n,1756,-0.010328027
i,n,1757,-0.744645035
i,n,1758,-0.873948593
i,n,1759,0.1294581314
i,n,1760,-0.467654106
i,n,1761,0.9917782534
i,n,1762,-0.14493864
i,n,1763,-1.221725089
i,n,1764,-1.591453292
i,n,1765,-1.703365829
i,n,1766,-0.896950489
i,n,1767,-0.563023934
i,n,1768,0.507756119
i,n,1769,2.2487056233
i,n,1770,-0.648097458
i,n,1771,-1.088109149
i,n,1772,-0.6126608
i,n,1773,0.3951563848
i,n,1774,0.1171216306
i,n,1775,0.6411468457
i,n,1776,-0.674777914
i,n,1777,0.2705052813
i,n,1778,0.1114737786
i,n,1779,-0.863060434
i,n,1780,-0.590651538
i,n,1781,-1.092013474
i,n,1782,1.6389899674
i,n,1783,-1.613840645
i,n,1784,-2.00293645
i,n,1785,-1.040432026
i,n,1786,-0.383139194
i,n,1787,1.5933574339
i,n,1788,0.5064065656
i,n,1789,-2.18317396
i,n,1790,-0.330855857
i,n,1791,0.4252628048
i,n,1792,0.3667981134
i,n,1793,-0.133892185
i,n,1794,1.7009298733
i,n,1795,-0.160390483
i,n,1796,-0.070441451
i,n,1797,0.1567118116
i,n,1798,1.0501652267
i,n,1799,-1.151159808
i,n,1800,0.8818627279
i,n,1801,-0.286104774
i,n,1802,-0.481317615
i,n,1803,1.2124599081
i,n,1804,-1.130235743
i,n,1805,-0.174587024
i,n,1806,-0.85229586
i,n,1807,2.2927410364
i,n,1808,1.0072161058
i,n,1809,-0.435261604
i,n,1810,3.1297054811
i,n,1811,-1.118500382
i,n,1812,-1.538310453
i,n,1813,-0.161288807
i,n,1814,0.8866833271
i,n,1815,-1.104739091
i,n,1816,0.1895825083
i,n,1817,-0.017719394
i,n,1818,2.3741217345
i,n,1819,-1.609722317
i,n,1820,0.3684670706
i,n,1821,0.2632160185
i,n,1822,-0.772651216
i,n,1823,0.9833106187
i,n,1824,-0.851900265
i,n,1825,0.5602223659
i,n,1826,-1.605939389
i,n,1827,1.7429277684
i,n,1828,-3.006245488
i,n,1829,0.5878937859
i,n,1830,0.7125204772
i,n,1831,0.5001874845
i,n,1832,-0.034861161
i,n,1833,0.3654913228
i,n,1834,-0.494425348
i,n,1835,1.2035091682
i,n,1836,0.8253265376
i,n,1837,-1.075718437
i,n,1838,0.0132089948
i,n,1839,1.0212109364
i,n,1840,0.9210380356
i,n,1841,0.3459317236
i,n,1842,-1.223040707
i,n,1843,-2.195886481
i,n,1844,1.4721417384
i,n,1845,-1.045755313
i,n,1846,-1.431127264
i,n,1847,-0.633465146
i,n,1848,0.4913510311
i,n,1849,1.3949299611
i,n,1850,-0.931603258
i,n,1851,0.4037649578
i,n,1852,-0.253197022
i,n,1853,0.7184973973
i,n,1854,-0.711978855
i,n,1855,0.1652973521
i,n,1856,0.9043860308
i,n,1857,0.2926034428
i,n,1858,-1.413512563
i,n,1859,-1.000754362
i,n,1860,-1.279669118
i,n,1861,1.1499221695
i,n,1862,-0.203797673
i,n,1863,1.3207892455
i,n,1864,1.922074314
i,n,1865,0.6922339742
i,n,1866,0.7356824213
i,n,1867,-0.75295587
i,n,1868,-0.554290082
i,n,1869,0.511741145
i,n,1870,0.8042845102
i,n,1871,-0.369740418
i,n,1872,0.1847641805
i,n,1873,0.7008255001
i,n,1874,0.4623134833
i,n,1875,0.2640233391
i,n,1876,1.0154542848
i,n,1877,0.5989392295
i,n,1878,-0.161703575
i,n,1879,-0.673934155
i,n,1880,1.6473303908
i,n,1881,-0.778539535
i,n,1882,1.079342166
i,n,1883,-0.220649806
i,n,1884,0.0349705927
i,n,1885,-0.593495715
i,n,1886,-0.830335225
i,n,1887,0.7842628342
i,n,1888,-1.885005769
i,n,1889,1.1101349548
i,n,1890,-0.020643622
i,n,1891,1.0926434871
i,n,1892,-0.777934243
i,n,1893,-0.6229857
i,n,1894,0.1794278591
i,n,1895,0.2123285788
i,n,1896,1.8069288128
i,n,1897,0.9887443876
i,n,1898,0.9047236005
i,n,1899,-0.093077224
i,n,1900,0.6807211638
i,n,1901,-1.536420418
i,n,1902,-1.39379781
i,n,1903,2.4791981564
i,n,1904,0.7294125299
i,n,1905,-0.807531041
i,n,1906,-0.010977858
i,n,1907,1.2083565567
i,n,1908,-0.205565719
i,n,1909,1.1286845919
i,n,1910,1.0465541805
i,n,1911,0.8187714507
i,n,1912,0.8653800401
i,n,1913,-0.219186557
i,n,1914,0.7821247226
i,n,1915,0.5768691728
i,n,1916,0.0422847433
i,n,1917,1.2549523257
i,n,1918,0.7763055665
i,n,1919,0.0675748888
i,n,1920,0.4025609722
i,n,1921,0.5718395066
i,n,1922,0.9006927806
i,n,1923,-1.043076746
i,n,1924,1.7174233186
i,n,1925,-0.463803095
i,n,1926,0.2439395333
i,n,1927,-0.969890992
i,n,1928,-0.627629462
i,n,1929,-0.146358842
i,n,1930,-1.784927576
i,n,1931,0.730199503
i,n,1932,1.1928124976
i,n,1933,1.0209909206
i,n,1934,0.5020274589
i,n,1935,-0.067098052
i,n,1936,-0.659698723
i,n,1937,-1.720447026
i,n,1938,1.0411871884
i,n,1939,-0.226968019
i,n,1940,-0.352819352
i,n,1941,0.9548234107
i,n,1942,1.295723079
i,n,1943,-1.235342752
i,n,1944,0.4441276925
i,n,1945,1.0703151452
i,n,1946,-0.494991275
i,n,1947,-0.471238104
i,n,1948,-0.593995715
i,n,1949,-0.054137446
i,n,1950,-1.094113986
i,n,1951,0.7630801377
i,n,1952,1.2767859873
i,n,1953,-0.029971089
i,n,1954,-0.807473202
i,n,1955,1.2136828831
i,n,1956,-0.069062807
i,n,1957,-0.41541556
i,n,1958,-1.315349267
i,n,1959,-0.112540838
i,n,1960,-0.087616813
i,n,1961,-0.170068732
i,n,1962,-1.669201354
i,n,1963,-0.57869525
i,n,1964,0.3661345307
i,n,1965,0.7132164952
i,n,1966,-0.612575805
i,n,1967,-0.328551434
i,n,1968,0.018550045
i,n,1969,1.108207503
i,n,1970,0.3417256284
i,n,1971,-0.266521999
i,n,1972,0.8994587362
i,n,1973,-0.394199083
i,n,1974,-0.260606622
i,n,1975,0.6248829156
i,n,1976,0.2846813301
i,n,1977,-1.291495481
i,n,1978,0.3643393873
i,n,1979,-0.631169759
i,n,1980,-0.32313499
i,n,1981,-0.30591491
i,n,1982,0.37484541
i,n,1983,-1.240402999
i,n,1984,0.5813513573
i,n,1985,-2.245806084
i,n,1986,1.2442460313
i,n,1987,0.1271537282
i,n,1988,-1.117062035
i,n,1989,-0.16781199
i,n,1990,0.6338414091
i,n,1991,0.6586163533
i,n,1992,0.0297675134
i,n,1993,1.5907004948
i,n,1994,0.1394414187
i,n,1995,-0.392997842
i,n,1996,0.3793771821
i,n,1997,-0.649199696
i,n,1998,1.0612922051
i,n,1999,-0.942018129
i,n,2000,-1.543234142
i,n,2001,0.2693004881
i,n,2002,-1.251440769
i,n,2003,-1.374979682
i,n,2004,0.1994410553
i,n,2005,-0.274736521
i,n,2006,-1.540077311
i,n,2007,1.1193110873
i,n,2008,3.0023761648
i,n,2009,-0.895861347
i,n,2010,-1.33232616
i,n,2011,0.3894991501
i,n,2012,0.0579759957
i,n,2013,-0.531234515
i,n,2014,0.458655383
i,n,2015,0.6890187476
i,n,2016,-0.214804595
i,n,2017,0.4928701202
i,n,2018,-1.172997634
i,n,2019,0.3759201682
i,n,2020,0.2641668774
i,n,2021,0.4906235138
i,n,2022,0.6106615838
i,n,2023,-0.057997581
i,n,2024,-0.952934003
i,n,2025,0.0118979752
i,n,2026,1.63743046
i,n,2027,0.7540288577
i,n,2028,-2.058694328
i,n,2029,-0.978358554
i,n,2030,0.76891132
i,n,2031,-0.009969455
i,n,2032,-1.939491855
i,n,2033,-0.741190619
i,n,2034,0.6336399722
i,n,2035,0.3731713372
i,n,2036,1.064650788
i,n,2037,-0.921201305
i,n,2038,0.4969261988
i,n,2039,0.6757367391
i,n,2040,-0.673119817
i,n,2041,0.7047614347
i,n,2042,0.5446189302
i,n,2043,0.6849728596
i,n,2044,0.8995624728
i,n,2045,-0.693170722
i,n,2046,0.0857077053
i,n,2047,-1.741338021
i,n,2048,1.0686176026
i,n,2049,0.8259780805
i,n,2050,-2.328074877
i,n,2051,-0.420322778
i,n,2052,0.7699463537
i,n,2053,0.9195673382
i,n,2054,-1.734361625
i,n,2055,-0.216340252
i,n,2056,-0.299610445
i,n,2057,-1.011504302
i,n,2058,-0.497576209
i,n,2059,0.3475769235
i,n,2060,0.7122642726
i,n,2061,1.1254990114
i,n,2062,0.8100670295
i,n,2063,-0.695923795
i,n,2064,0.2480565118
i,n,2065,-1.825149352
i,n,2066,0.6285102021
i,n,2067,-2.496039725
i,n,2068,0.002243217
i,n,2069,0.4340361916
i,n,2070,0.9096696789
i,n,2071,-0.007325352
i,n,2072,-1.023233164
i,n,2073,1.8758316244
i,n,2074,-0.541166201
i,n,2075,0.99182647
i,n,2076,0.1542088508
i,n,2077,1.0459551732
i,n,2078,-0.57849244
i,n,2079,-1.162643664
i,n,2080,0.6126790824
i,n,2081,-0.050947329
i,n,2082,1.6002352255
i,n,2083,0.3177300744
i,n,2084,-1.993446756
i,n,2085,-0.609591671
i,n,2086,-0.652746594
i,n,2087,1.4673691255
i,n,2088,0.5517678785
i,n,2089,-0.217971582
i,n,2090,1.0938242678
i,n,2091,0.7732014752
i,n,2092,0.7729866577
i,n,2093,0.6189499845
i,n,2094,-1.668805236
i,n,2095,0.1679074681
i,n,2096,0.7091348959
i,n,2097,-0.380597098
i,n,2098,0.6832532488
i,n,2099,0.1900068575
i,n,2100,-1.087052621
i,n,2101,-0.312614567
i,n,2102,-1.756342271
i,n,2103,0.1661216629
i,n,2104,1.0795615277
i,n,2105,-0.095568029
i,n,2106,1.2606989165
i,n,2107,0.3956507676
i,n,2108,-1.939396659
i,n,2109,1.3768045266
i,n,2110,0.1219100899
i,n,2111,-1.228133367
i,n,2112,0.1799182447
i,n,2113,-1.097705338
i,n,2114,-0.886426815
i,n,2115,-0.919031149
i,n,2116,-0.108889322
i,n,2117,1.3223300645
i,n,2118,-0.643409674
i,n,2119,-1.230265914
i,n,2120,-0.813132679
i,n,2121,-0.144359773
i,n,2122,-2.027109888
i,n,2123,0.3879630564
i,n,2124,0.5910383758
i,n,2125,-1.390961454
i,n,2126,-0.015236984
i,n,2127,1.4546194089
i,n,2128,1.3753126442
i,n,2129,-0.044871915
i,n,2130,0.6709044539
i,n,2131,0.7273241377
i,n,2132,0.3278802275
i,n,2133,0.7136786196
i,n,2134,0.1417080327
i,n,2135,-0.790726161
i,n,2136,-0.429331558
i,n,2137,-0.311929781
i,n,2138,0.2654275997
i,n,2139,-0.742637434
i,n,2140,-0.731494309
i,n,2141,-0.431167217
i,n,2142,0.2153125935
i,n,2143,-0.532191971
i,n,2144,0.1845445807
i,n,2145,-0.464156314
i,n,2146,0.7513750693
i,n,2147,0.791721676
i,n,2148,-0.001982206
i,n,2149,0.3406702686
i,n,2150,0.8176617711
i,n,2151,-0.904952116
i,n,2152,0.0097161819
i,n,2153,-0.943623029
i,n,2154,-0.382716837
i,n,2155,-0.359513024
i,n,2156,0.4345976857
i,n,2157,-0.561062405
i,n,2158,-0.76105623
i,n,2159,-1.479051475
i,n,2160,0.7294773643
i,n,2161,-0.310879727
i,n,2162,0.3227934265
i,n,2163,0.8944477879
i,n,2164,-1.212442907
i,n,2165,0.3134605066
i,n,2166,-0.209563933
i,n,2167,-1.408173374
i,n,2168,-0.547838021
i,n,2169,-0.986274964
i,n,2170,-0.111870349
i,n,2171,-0.498204242
i,n,2172,0.1307116624
i,n,2173,-1.414567766
i,n,2174,0.6032446356
i,n,2175,-1.828909138
i,n,2176,2.0506119254
i,n,2177,1.1880457384
i,n,2178,0.4181219216
i,n,2179,2.1691867127
i,n,2180,0.658971282
i,n,2181,-0.776705386
i,n,2182,-0.943905814
i,n,2183,-0.025065142
i,n,2184,-0.599123546
i,n,2185,-1.191566315
i,n,2186,-1.912742849
i,n,2187,0.3940163224
i,n,2188,-0.153400108
i,n,2189,0.0735889382
i,n,2190,0.1988512604
i,n,2191,0.6563587841
i,n,2192,0.8264138624
i,n,2193,0.7633020143
i,n,2194,-0.407023366
i,n,2195,0.1397530653
i,n,2196,-0.005435531
i,n,2197,1.557771703
i,n,2198,-0.130670468
i,n,2199,-0.622259984
i,n,2200,-0.913143227
i,n,2201,-1.194673482
i,n,2202,-0.972135504
i,n,2203,-0.548239081
i,n,2204,0.0372231777
i,n,2205,-1.867464708
i,n,2206,0.2681761363
i,n,2207,1.3295948498
i,n,2208,-1.659660675
i,n,2209,0.9236086417
i,n,2210,0.1114129734
i,n,2211,-2.015772216
i,n,2212,-0.375552204
i,n,2213,1.3616621517
i,n,2214,0.6318527421
i,n,2215,-0.65019023
i,n,2216,1.508335635
i,n,2217,0.176305808
i,n,2218,-0.549793049
i,n,2219,0.4478744616
i,n,2220,1.0589425704
i,n,2221,0.1039734351
i,n,2222,-0.061398482
i,n,2223,-0.456547046
i,n,2224,1.2697337118
i,n,2225,-0.402244735
i,n,2226,-0.330527383
i,n,2227,-1.029299141
i,n,2228,0.6544258734
i,n,2229,0.8691107128
i,n,2230,2.0985750685
i,n,2231,-0.083058506
i,n,2232,1.7468346894
i,n,2233,0.5094254637
i,n,2234,0.4057933505
i,n,2235,1.1962195818
i,n,2236,-0.652039818
i,n,2237,0.5351821447
i,n,2238,0.4387522505
i,n,2239,-1.464344817
i,n,2240,-0.54932915
i,n,2241,0.5095009193
i,n,2242,0.4320155761
i,n,2243,-1.119059864
i,n,2244,-1.197985773
i,n,2245,1.358563
i,n,2246,-0.708434191
i,n,2247,-0.801680579
i,n,2248,0.5633973656
i,n,2249,-0.475262012
i,n,2250,0.8046787839
i,n,2251,2.3102569675
i,n,2252,0.9070122728
i,n,2253,-0.35820763
i,n,2254,-0.42957705
i,n,2255,1.0127610637
i,n,2256,0.3930864
i,n,2257,0.1479839225
i,n,2258,-0.47109964
i,n,2259,-0.060487594
i,n,2260,0.0855907717
i,n,2261,1.8892688466
i,n,2262,-0.178735484
i,n,2263,1.5843370324
i,n,2264,0.2160338773
i,n,2265,-0.228154118
i,n,2266,-0.682823162
i,n,2267,0.132090728
i,n,2268,0.3033236044
i,n,2269,2.4992296133
i,n,2270,-1.211665995
i,n,2271,-1.124230888
i,n,2272,0.9052956397
i,n,2273,0.4595107735
i,n,2274,2.6090822259
i,n,2275,1.6581835273
i,n,2276,-1.587681831
i,n,2277,0.4069059361
i,n,2278,-0.421256666
i,n,2279,1.8301645791
i,n,2280,-1.446071669
i,n,2281,-1.101310531
i,n,2282,0.0694263104
i,n,2283,0.0050539638
i,n,2284,-0.134172354
i,n,2285,0.4345501348
i,n,2286,-0.23864852
i,n,2287,-1.114987089
i,n,2288,1.0684161246
i,n,2289,0.85228359
i,n,2290,0.7067730401
i,n,2291,0.0177365527
i,n,2292,-0.394173475
i,n,2293,-0.360502854
i,n,2294,0.591391806
i,n,2295,-1.005228704
i,n,2296,-0.55449885
i,n,2297,1.0848217581
i,n,2298,0.5244110129
i,n,2299,-1.034080635
i,n,2300,-1.860229065
i,n,2301,-1.091292011
i,n,2302,0.4961315191
i,n,2303,0.8462717648
i,n,2304,0.2993329181
i,n,2305,-1.856543551
i,n,2306,0.1926746047
i,n,2307,0.8184304839
i,n,2308,-0.967051149
i,n,2309,-0.358382886
i,n,2310,-1.398836731
i,n,2311,0.6485957924
i,n,2312,0.1614488811
i,n,2313,-0.461221117
i,n,2314,-1.0502304
i,n,2315,-1.416127772
i,n,2316,0.3635917646
i,n,2317,1.2867294731
i,n,2318,-0.362036829
i,n,2319,-0.465678605
i,n,2320,-0.736724862
i,n,2321,-0.220072997
i,n,2322,-1.157199732
i,n,2323,1.4768715891
i,n,2324,0.2292986002
i,n,2325,-1.104968157
i,n,2326,0.6978161509
i,n,2327,-0.210596094
i,n,2328,1.7033160759
i,n,2329,-0.377493946
i,n,2330,-1.442722029
i,n,2331,1.0466320863
i,n,2332,1.0203950386
i,n,2333,1.0959514856
i,n,2334,0.5484728397
i,n,2335,1.2549691827
i,n,2336,-0.086914263
i,n,2337,1.0635132927
i,n,2338,1.3834299457
i,n,2339,0.3962990104
i,n,2340,-1.304216079
i,n,2341,0.596759372
i,n,2342,-0.878760327
i,n,2343,-1.643624536
i,n,2344,1.8685958582
i,n,2345,0.9999400566
i,n,2346,1.4146839713
i,n,2347,1.8125727874
i,n,2348,0.4387564788
i,n,2349,0.3281874223
i,n,2350,1.4434040699
i,n,2351,-1.180892369
i,n,2352,-0.281485032
i,n,2353,-1.913394435
i,n,2354,-2.695013854
i,n,2355,0.6528346392
i,n,2356,-0.49341866
i,n,2357,0.5073698345
i,n,2358,-1.312081497
i,n,2359,-0.579269996
i,n,2360,0.5051058283
i,n,2361,0.5200337389
i,n,2362,0.7873357149
i,n,2363,-0.48201027
i,n,2364,0.7058916305
i,n,2365,-1.00268459
i,n,2366,2.4853225953
i,n,2367,0.1305768124
i,n,2368,1.9738115685
i,n,2369,0.4705447487
i,n,2370,-0.995487345
i,n,2371,-1.030115729
i,n,2372,-0.148140085
i,n,2373,0.5619678523
i,n,2374,-0.854551684
i,n,2375,-0.816681928
i,n,2376,-1.152830446
i,n,2377,-0.102954674
i,n,2378,0.3589823475
i,n,2379,-0.33735453
i,n,2380,-0.027338206
i,n,2381,-0.331175585
i,n,2382,0.3070358467
i,n,2383,1.5126271957
i,n,2384,-0.81010667
i,n,2385,0.2174265431
i,n,2386,0.1419684919
i,n,2387,-0.396818584
i,n,2388,1.4536520143
i,n,2389,0.6178126311
i,n,2390,-0.529612674
i,n,2391,-0.339558511
i,n,2392,1.3524716386
i,n,2393,-0.854467952
i,n,2394,0.5440094237
i,n,2395,1.5190559884
i,n,2396,-1.804254298
i,n,2397,0.1738349663
i,n,2398,-1.434802837
i,n,2399,2.039721246
i,n,2400,0.4412250886
i,n,2401,1.7891141985
i,n,2402,-1.919152786
i,n,2403,-0.867285008
i,n,2404,0.5188861156
i,n,2405,-0.374554079
i,n,2406,-1.074356102
i,n,2407,-0.202041633
i,n,2408,-1.277162115
i,n,2409,1.6125317312
i,n,2410,-0.463764639
i,n,2411,1.2572932489
i,n,2412,-1.871124409
i,n,2413,0.3168982782
i,n,2414,-0.958736506
i,n,2415,-0.905398743
i,n,2416,1.5209966771
i,n,2417,-0.529178491
i,n,2418,-0.074012595
i,n,2419,-0.492606633
i,n,2420,0.5588756096
i,n,2421,2.1832427793
i,n,2422,1.3552624964
i,n,2423,1.4234926146
i,n,2424,-2.140878067
i,n,2425,-0.953928563
i,n,2426,-0.114078165
i,n,2427,-0.036873009
i,n,2428,-1.840198458
i,n,2429,-1.073172426
i,n,2430,-0.926823764
i,n,2431,-0.411093151
i,n,2432,1.6539152951
i,n,2433,-0.316709083
i,n,2434,0.4780707419
i,n,2435,-0.561548766
i,n,2436,0.6596452584
i,n,2437,-0.628961948
i,n,2438,1.530784951
i,n,2439,0.0914778371
i,n,2440,0.8196937662
i,n,2441,-0.061978575
i,n,2442,2.0456185246
i,n,2443,0.4794929287
i,n,2444,-0.790377106
i,n,2445,-0.545638916
i,n,2446,-0.15492685
i,n,2447,1.2834640342
i,n,2448,-0.678240076
i,n,2449,0.3682770072
i,n,2450,0.5782845875
i,n,2451,0.1759339326
i,n,2452,-1.186976112
i,n,2453,1.2730758197
i,n,2454,-0.456044777
i,n,2455,2.6369967602
i,n,2456,-1.142046664
i,n,2457,1.9169441563
i,n,2458,0.1476425065
i,n,2459,-0.368149467
i,n,2460,0.7740157851
i,n,2461,-1.02263729
i,n,2462,1.0179938226
i,n,2463,-1.29288053
i,n,2464,0.695687156
i,n,2465,-1.123126803
i,n,2466,0.9279811113
i,n,2467,-0.546527481
i,n,2468,-0.681666104
i,n,2469,0.5814829239
i,n,2470,-0.866581877
i,n,2471,-0.298817418
i,n,2472,-0.7714175
i,n,2473,-0.594115491
i,n,2474,0.8334351239
i,n,2475,1.4958949419
i,n,2476,2.4600735411
i,n,2477,0.780907346
i,n,2478,-0.453590222
i,n,2479,-0.509154273
i,n,2480,-2.188349979
i,n,2481,-2.217406806
i,n,2482,-0.539327805
i,n,2483,-0.307456177
i,n,2484,1.367491089
i,n,2485,1.0536147523
i,n,2486,-0.257543093
i,n,2487,0.5108085748
i,n,2488,-0.81085718
i,n,2489,-0.238346992
i,n,2490,1.5097068077
i,n,2491,0.4004052982
i,n,2492,0.0479233179
i,n,2493,-0.132088582
i,n,2494,0.5445371479
i,n,2495,1.7864299629
i,n,2496,-0.559699067
i,n,2497,-0.058343997
i,n,2498,-1.201134409
i,n,2499,0.4642653336
i,n,2500,-0.970809633
i,n,2501,-1.037499958
i,n,2502,-0.056505052
i,n,2503,-1.815755125
i,n,2504,1.7149592316
i,n,2505,0.215202722
i,n,2506,0.5221991128
i,n,2507,-0.292900251
i,n,2508,0.8386185398
i,n,2509,0.717758214
i,n,2510,0.5564556306
i,n,2511,0.3779261793
i,n,2512,-0.230483119
i,n,2513,0.3211610185
i,n,2514,0.3518620992
i,n,2515,-0.094939136
i,n,2516,0.3804894963
i,n,2517,1.2085633154
i,n,2518,1.869215389
i,n,2519,0.1448327081
i,n,2520,-0.294475779
i,n,2521,-0.77783103
i,n,2522,-1.355560614
i,n,2523,-0.096472715
i,n,2524,-1.107311144
i,n,2525,-1.709966232
i,n,2526,1.2821206336
i,n,2527,0.2525138775
i,n,2528,1.3321508246
i,n,2529,-0.321584061
i,n,2530,1.9005297992
i,n,2531,1.7539071781
i,n,2532,0.7387145195
i,n,2533,-0.039714765
i,n,2534,0.4078338516
i,n,2535,1.0355575098
i,n,2536,-0.382132534
i,n,2537,-0.261837863
i,n,2538,0.0027900476
i,n,2539,0.4946592264
i,n,2540,0.2189477464
i,n,2541,0.0912355999
i,n,2542,-0.406012078
i,n,2543,-1.436617593
i,n,2544,-0.240433758
i,n,2545,0.4284943021
i,n,2546,-0.896273932
i,n,2547,0.5183399243
i,n,2548,-0.869236643
i,n,2549,0.5408015811
i,n,2550,-0.237541611
i,n,2551,1.1288776252
i,n,2552,0.8357130966
i,n,2553,-0.448059542
i,n,2554,-0.15312608
i,n,2555,0.4547120846
i,n,2556,0.1595004679
i,n,2557,-0.070238337
i,n,2558,0.0702009183
i,n,2559,0.1658268724
i,n,2560,-0.758474618
i,n,2561,-0.569404789
i,n,2562,-0.712421693
i,n,2563,-1.305880182
i,n,2564,0.6743312817
i,n,2565,-0.126432133
i,n,2566,0.4445166291
i,n,2567,0.2046108783
i,n,2568,0.1559085483
i,n,2569,-0.015876145
i,n,2570,0.1088389474
i,n,2571,0.7406394994
i,n,2572,-0.10546883
i,n,2573,-0.927508098
i,n,2574,0.9810372805
i,n,2575,-0.785731627
i,n,2576,0.4037450637
i,n,2577,-1.00821289
i,n,2578,0.3149383897
i,n,2579,1.198339825
i,n,2580,0.6568503651
i,n,2581,1.5143732621
i,n,2582,1.5502872543
i,n,2583,-2.325090099
i,n,2584,-0.073179037
i,n,2585,0.6140441084
i,n,2586,-0.536217826
i,n,2587,-0.309386794
i,n,2588,-0.631771417
i,n,2589,0.3397333302
i,n,2590,-1.228504421
i,n,2591,-1.760223112
i,n,2592,-0.070882977
i,n,2593,-1.218006336
i,n,2594,-1.877795136
i,n,2595,1.4679352436
i,n,2596,0.1661942933
i,n,2597,-0.877849637
i,n,2598,-0.618077024
i,n,2599,-0.379706093
i,n,2600,2.6971260123
i,n,2601,1.0658136193
i,n,2602,-0.203349204
i,n,2603,0.5205796311
i,n,2604,-0.951889395
i,n,2605,0.797697783
i,n,2606,-0.00687909
i,n,2607,2.0838461837
i,n,2608,-2.424622432
i,n,2609,-0.388333074
i,n,2610,-1.184101739
i,n,2611,0.2702272982
i,n,2612,0.0499094828
i,n,2613,0.5701451716
i,n,2614,-0.599780412
i,n,2615,0.0041864968
i,n,2616,0.4638225207
i,n,2617,0.1575815555
i,n,2618,-1.399015685
i,n,2619,1.2499655689
i,n,2620,0.5374478708
i,n,2621,-1.906005814
i,n,2622,0.1352556601
i,n,2623,-0.344038442
i,n,2624,0.4942048936
i,n,2625,-0.525087334
i,n,2626,-1.621238837
i,n,2627,0.9689579041
i,n,2628,-0.091761738
i,n,2629,1.2020820727
i,n,2630,0.2421956063
i,n,2631,-0.830290248
i,n,2632,-1.265780539
i,n,2633,0.3834996583
i,n,2634,1.5321369092
i,n,2635,-1.101349871
i,n,2636,-0.939859709
i,n,2637,-0.553399224
i,n,2638,0.1650916431
i,n,2639,-0.675174414
i,n,2640,-0.167228765
i,n,2641,2.1527649695
i,n,2642,-1.02024087
i,n,2643,1.2769493053
i,n,2644,1.0457636216
i,n,2645,1.4926614144
i,n,2646,-0.583428091
i,n,2647,-0.511526955
i,n,2648,-0.146254183
i,n,2649,-0.66342456
i,n,2650,-2.078604908
i,n,2651,0.2779466538
i,n,2652,-0.050938418
i,n,2653,-0.199155586
i,n,2654,-0.286923609
i,n,2655,1.6290793031
i,n,2656,0.4021157637
i,n,2657,-0.887635234
i,n,2658,-0.185815387
i,n,2659,-0.421372396
i,n,2660,0.5347760414
i,n,2661,-0.838371654
i,n,2662,1.9418165751
i,n,2663,-0.618787928
i,n,2664,0.3303515771
i,n,2665,1.7063980224
i,n,2666,-0.768147145
i,n,2667,1.0082470457
i,n,2668,0.8372849504
i,n,2669,-0.92532072
i,n,2670,-0.810564189
i,n,2671,2.0872043046
i,n,2672,0.7411552582
i,n,2673,-0.43232933
i,n,2674,0.7598403055
i,n,2675,0.803414841
i,n,2676,0.7140594711
i,n,2677,-1.747177001
i,n,2678,1.7396659426
i,n,2679,0.4200179555
i,n,2680,1.505715866
i,n,2681,-1.33570745
i,n,2682,-0.737651934
i,n,2683,1.1736028962
i,n,2684,-0.072673915
i,n,2685,-1.801789232
i,n,2686,0.9847940485
i,n,2687,0.2691776203
i,n,2688,-2.144893314
i,n,2689,2.0482500146
i,n,2690,1.0599538276
i,n,2691,0.705137144
i,n,2692,0.4990886773
i,n,2693,-0.033439339
i,n,2694,-0.090916095
i,n,2695,1.4594219873
i,n,2696,0.9781268928
i,n,2697,1.5680291528
i,n,2698,-0.807589383
i,n,2699,-0.644072686
i,n,2700,-0.848863441
i,n,2701,0.3116949022
i,n,2702,-0.197855019
i,n,2703,-0.920662954
i,n,2704,1.0057545405
i,n,2705,0.3278369656
i,n,2706,-0.710069697
i,n,2707,-1.813248763
i,n,2708,-1.704274485
i,n,2709,0.8271400776
i,n,2710,-1.76967921
i,n,2711,0.4643280091
i,n,2712,1.7350026354
i,n,2713,0.1116461596
i,n,2714,-0.087871965
i,n,2715,-0.051215557
i,n,2716,0.0575366346
i,n,2717,-0.272960302
i,n,2718,0.5936180952
i,n,2719,-0.472583565
i,n,2720,0.8208957083
i,n,2721,0.4858323249
i,n,2722,-0.596175
i,n,2723,-1.634651871
i,n,2724,1.524517492
i,n,2725,-0.758936753
i,n,2726,1.5329609158
i,n,2727,-1.126145743
i,n,2728,1.2807228944
i,n,2729,1.02456498
i,n,2730,-0.329991259
i,n,2731,-0.009953817
i,n,2732,-0.669682344
i,n,2733,1.1862977065
i,n,2734,-0.731734497
i,n,2735,-1.728507692
i,n,2736,1.025112953
i,n,2737,-1.965119477
i,n,2738,1.3509442898
i,n,2739,0.2478118218
i,n,2740,-0.10361567
i,n,2741,-0.993748095
i,n,2742,1.4896376146
i,n,2743,-0.641113287
i,n,2744,-0.013732818
i,n,2745,2.0393919132
i,n,2746,-0.090738439
i,n,2747,0.2701880457
i,n,2748,-1.099576701
i,n,2749,1.3455449366
i,n,2750,0.6346319742
i,n,2751,0.4840202957
i,n,2752,0.0475183612
i,n,2753,0.1225768965
i,n,2754,-0.310947658
i,n,2755,0.2476291489
i,n,2756,0.6428633002
i,n,2757,0.9520083874
i,n,2758,-0.374326991
i,n,2759,-0.419837613
i,n,2760,0.5406101218
i,n,2761,-0.055185992
i,n,2762,-1.558737302
i,n,2763,-1.519293089
i,n,2764,0.8243553218
i,n,2765,0.2791152332
i,n,2766,0.7716499944
i,n,2767,0.1943501662
i,n,2768,-1.960598572
i,n,2769,0.0367772585
i,n,2770,-0.829594991
i,n,2771,0.2006044472
i,n,2772,1.6376923293
i,n,2773,0.9188561106
i,n,2774,-0.339909873
i,n,2775,-1.705452515
i,n,2776,-0.98581864
i,n,2777,-1.013534277
i,n,2778,1.1282537845
i,n,2779,-0.455159894
i,n,2780,-0.122221324
i,n,2781,-0.596943318
i,n,2782,-0.977494145
i,n,2783,-0.604745658
i,n,2784,1.8998947745
i,n,2785,-0.934309879
i,n,2786,-0.72107321
i,n,2787,-1.141828165
i,n,2788,-2.834603604
i,n,2789,0.526441056
i,n,2790,1.7386507903
i,n,2791,-0.121925985
i,n,2792,0.1108971301
i,n,2793,-0.324600685
i,n,2794,-0.408427527
i,n,2795,-1.451299995
i,n,2796,-0.404964533
i,n,2797,1.6029184952
i,n,2798,0.0160988934
i,n,2799,0.3585769564
i,n,2800,-1.576988609
i,n,2801,1.0945607224
i,n,2802,0.8036040503
i,n,2803,-0.688458561
i,n,2804,1.4179467475
i,n,2805,-0.957992529
i,n,2806,-0.333689286
i,n,2807,0.8922972721
i,n,2808,0.5900040309
i,n,2809,0.7166072038
i,n,2810,-0.743901779
i,n,2811,-2.367254438
i,n,2812,-0.253605383
i,n,2813,0.4957286307
i,n,2814,0.3930010538
i,n,2815,0.012447097
i,n,2816,1.029838725
i,n,2817,0.0783317657
i,n,2818,0.2200021784
i,n,2819,1.0452565183
i,n,2820,-2.006499733
i,n,2821,2.034952909
i,n,2822,-0.127258839
i,n,2823,1.098862555
i,n,2824,0.0346920308
i,n,2825,-0.373012093
i,n,2826,-0.334696173
i,n,2827,-1.950044539
i,n,2828,-1.085971153
i,n,2829,-0.023302727
i,n,2830,0.1170906614
i,n,2831,-0.120952772
i,n,2832,-1.209717757
i,n,2833,1.2795589159
i,n,2834,0.3772906245
i,n,2835,-0.09036597
i,n,2836,0.0572249006
i,n,2837,0.0778745622
i,n,2838,-0.605772894
i,n,2839,0.4073724513
i,n,2840,0.0677235917
i,n,2841,1.0937098308
i,n,2842,-0.906270476
i,n,2843,0.8969023952
i,n,2844,1.5154324193
i,n,2845,-0.388684453
i,n,2846,-1.828299192
i,n,2847,0.7266290206
i,n,2848,0.2714737963
i,n,2849,2.0231327344
i,n,2850,-0.57173627
i,n,2851,0.3471557767
i,n,2852,1.699161435
i,n,2853,1.8916903545
i,n,2854,-0.405442822
i,n,2855,-0.357583887
i,n,2856,-0.425425112
i,n,2857,0.1354956557
i,n,2858,0.5560448014
i,n,2859,0.8222313756
i,n,2860,-0.564191318
i,n,2861,0.0458237968
i,n,2862,0.8467420759
i,n,2863,-0.062599332
i,n,2864,0.8998784368
i,n,2865,-0.769423562
i,n,2866,0.4319325709
i,n,2867,-1.293857021
i,n,2868,1.5631431346
i,n,2869,-1.547952135
i,n,2870,0.5031875394
i,n,2871,-0.765971571
i,n,2872,0.1274411026
i,n,2873,0.4600565373
i,n,2874,-0.553830228
i,n,2875,-0.576799317
i,n,2876,0.3107193688
i,n,2877,0.6297232053
i,n,2878,0.5013566625
i,n,2879,-0.945214732
i,n,2880,-0.341026002
i,n,2881,0.4044402073
i,n,2882,-0.711068024
i,n,2883,-1.021060151
i,n,2884,0.9490341958
i,n,2885,0.2662776209
i,n,2886,-1.771820739
i,n,2887,0.6701799424
i,n,2888,-1.336419281
i,n,2889,0.7076997972
i,n,2890,0.5889018885
i,n,2891,1.050203385
i,n,2892,0.9205012481
i,n,2893,0.3375911983
i,n,2894,-0.946123634
i,n,2895,0.2138044814
i,n,2896,0.0457883371
i,n,2897,-0.58925699
i,n,2898,0.2580821979
i,n,2899,-0.39657741
i,n,2900,1.4592940519
i,n,2901,-1.148412882
i,n,2902,0.7014363619
i,n,2903,-0.139522504
i,n,2904,-1.647674529
i,n,2905,1.4900027072
i,n,2906,0.2247528024
i,n,2907,-0.167762284
i,n,2908,-0.745931601
i,n,2909,-0.865824288
i,n,2910,-0.784987438
i,n,2911,0.4791253372
i,n,2912,0.7758983519
i,n,2913,0.7129062705
i,n,2914,0.2783077469
i,n,2915,-0.654841381
i,n,2916,0.9955658818
i,n,2917,0.0425909877
i,n,2918,-1.063678168
i,n,2919,-1.338736864
i,n,2920,1.8881066095
i,n,2921,0.3457464111
i,n,2922,-1.777265429
i,n,2923,0.7240077365
i,n,2924,-0.140840862
i,n,2925,0.1854128977
i,n,2926,1.0020110484
i,n,2927,-0.219041738
i,n,2928,-1.467456895
i,n,2929,0.8900660711
i,n,2930,-0.153406151
i,n,2931,-0.524113269
i,n,2932,-0.834474788
i,n,2933,0.9146841299
i,n,2934,-0.020608919
i,n,2935,1.0793758907
i,n,2936,0.2307939299
i,n,2937,2.8163909358
i,n,2938,-0.403607893
i,n,2939,0.6661542555
i,n,2940,0.7581981195
i,n,2941,-2.532938426
i,n,2942,-0.412388979
i,n,2943,1.7871463096
i,n,2944,0.5459830576
i,n,2945,-0.217418399
i,n,2946,-0.355680953
i,n,2947,-0.015991223
i,n,2948,0.2468528214
i,n,2949,-0.275198254
i,n,2950,0.6323632748
i,n,2951,0.8403499994
i,n,2952,-0.567191566
i,n,2953,0.8552838111
i,n,2954,0.3877335776
i,n,2955,0.8657727233
i,n,2956,0.1790953791
i,n,2957,-1.565768437
i,n,2958,1.0123998965
i,n,2959,0.0412962727
i,n,2960,0.6432605676
i,n,2961,1.5156430111
i,n,2962,-1.40935518
i,n,2963,0.9019947305
i,n,2964,-0.080527736
i,n,2965,0.2485064299
i,n,2966,0.0472458475
i,n,2967,-0.898731541
i,n,2968,-0.79277129
i,n,2969,-1.492190273
i,n,2970,-0.529472419
i,n,2971,-1.044145809
i,n,2972,-0.949845316
i,n,2973,0.5799782032
i,n,2974,0.8687019537
i,n,2975,-1.849670824
i,n,2976,0.4429061029
i,n,2977,0.6928059743
i,n,2978,-1.759662664
i,n,2979,1.1142479318
i,n,2980,0.5335420673
i,n,2981,-0.646071891
i,n,2982,-1.203978661
i,n,2983,0.1505067584
i,n,2984,-1.032173307
i,n,2985,-0.608924003
i,n,2986,-0.781068689
i,n,2987,0.2996308729
i,n,2988,-0.604627881
i,n,2989,-0.655935751
i,n,2990,-1.842607695
i,n,2991,-1.354176235
i,n,2992,0.491048944
i,n,2993,-0.357318935
i,n,2994,0.3780970752
i,n,2995,1.2667244459
i,n,2996,1.5571307236
i,n,2997,0.2963734017
i,n,2998,-0.776085383
i,n,2999,-0.68848725
i,n,3000,0.4382657535
