i,n,1,-7.54628714696,-6.78806965866
i,n,2,-4.93228350432,-6.52187735321
i,n,3,5.60718649636,6.26253367669
i,n,4,-4.67451656307,-2.07032437623
i,n,5,-4.14447066492,-2.93171111559
i,n,6,6.43575049785,4.06859403019
i,n,7,3.43992152634,5.42947354258
i,n,8,7.55220541597,1.40643405592
i,n,9,7.312568491,1.89458005754
i,n,10,-8.44311405378,-4.26345666372
i,n,11,-9.10176716279,-2.32834417022
i,n,12,-3.33895265325,-3.35639282435
i,n,13,-3.71088528065,-3.47737549157
i,n,14,-2.662484202,-2.00567911274
i,n,15,-4.58547610311,-3.98287128799
i,n,16,-1.63774313292,-6.74680386593
i,n,17,3.96583630951,3.26055759209
i,n,18,-4.84364619591,-5.17855976008
i,n,19,4.86372613933,3.0904497169
i,n,20,3.7591574949,0.540861462068
i,n,21,0.882430109544,3.55646299352
i,n,22,-2.34788740888,-2.59837582975
i,n,23,5.7954723996,1.39289173193
i,n,24,-5.11543955171,-4.95532784135
i,n,25,2.17439707011,5.26595715951
i,n,26,4.94816471302,2.23530592708
i,n,27,-3.83519643742,-4.77028471049
i,n,28,-3.83142479809,-7.00861278519
i,n,29,-7.36086593148,-2.17596354717
i,n,30,5.41731766567,3.07421286331
i,n,31,-6.18092615314,-6.72944217295
i,n,32,3.53595610818,5.35801619541
i,n,33,3.64575744356,3.71679939896
i,n,34,4.22002618034,3.37444488187
i,n,35,-3.48874685526,-2.57174042243
i,n,36,-4.74668436335,-3.02051182962
i,n,37,-4.63324864934,-7.08221160224
i,n,38,-2.68913089253,-3.84075063502
i,n,39,-4.23684825976,-6.34811578839
i,n,40,4.2846597403,4.40460177695
i,n,41,-3.48812070684,-4.73173073666
i,n,42,3.60608032831,1.41557607452
i,n,43,-4.4360110612,-4.95576138512
i,n,44,-3.93721900286,-6.26328954678
i,n,45,6.11378778139,3.87171120184
i,n,46,-5.42234260526,-1.88271270113
i,n,47,3.2003735555,4.84391657636
i,n,48,5.68746972677,5.21795792285
i,n,49,-7.87136105719,-9.77547531333
i,n,50,2.46498797331,4.25642710393
i,n,51,-4.09891081649,-1.35765380804
i,n,52,5.5789157633,3.63390945176
i,n,53,7.98638257713,2.58839001273
i,n,54,3.97908167141,2.65350006537
i,n,55,-3.66092185307,-4.82730756554
i,n,56,-6.62300587693,-1.80445390259
i,n,57,6.62016577166,6.18580932037
i,n,58,-3.56998052174,-2.60747285533
i,n,59,-7.14910983413,0.0916355949752
i,n,60,-3.42358744485,-3.77366785529
i,n,61,5.01917213157,6.06786725712
i,n,62,-5.99850891951,-3.975775229
i,n,63,-5.51188447991,-4.37806335502
i,n,64,3.74976136795,4.12045852983
i,n,65,5.0226738283,3.31356811175
i,n,66,-4.19266926068,-6.55519058277
i,n,67,4.96405072837,3.82411850963
i,n,68,3.27252953598,6.08370653342
i,n,69,-4.5428921705,-2.98952974821
i,n,70,2.36517174639,4.3944784715
i,n,71,6.22315692439,2.76861301268
i,n,72,4.75170895801,5.02603058082
i,n,73,5.31401873045,0.775623968665
i,n,74,-4.31321713352,-5.96781961441
i,n,75,6.33174641691,3.91614918808
i,n,76,3.51526011542,5.34551549344
i,n,77,6.19534113384,5.7885378376
i,n,78,6.76034986258,6.58962067081
i,n,79,3.53490389967,1.06897059921
i,n,80,5.64777910691,5.25616011461
i,n,81,-3.01177096819,-5.43790690222
i,n,82,0.726082540941,1.60399578194
i,n,83,-5.19986907305,-1.56157564303
i,n,84,-5.24183050853,-6.83912161493
i,n,85,4.23112585185,5.74984387884
i,n,86,-3.20686945621,-2.4189218747
i,n,87,6.00149788902,2.81862405037
i,n,88,-4.81249282033,-5.33721002002
i,n,89,5.63446075812,3.33649233908
i,n,90,4.22800588466,5.33733303649
i,n,91,6.09499054469,6.28594494042
i,n,92,4.5741562638,6.04166268607
i,n,93,-5.23221774772,-4.69325778448
i,n,94,7.46202338841,5.99796606391
i,n,95,6.65042225503,6.56023496049
i,n,96,-5.36265319854,-1.38026001376
i,n,97,4.23576703888,1.65337066163
i,n,98,5.69298674936,1.64384493104
i,n,99,-3.72670692378,-5.61576408011
i,n,100,-3.42125792286,-3.9754773394
i,n,101,5.18432585986,4.24356174127
i,n,102,6.01860796899,5.46685473752
i,n,103,-3.0610066022,-3.2750645923
i,n,104,6.46708943745,3.66948839541
i,n,105,1.70936817769,2.75305654541
i,n,106,-6.36293398645,-3.19832197075
i,n,107,4.35826990777,3.08166656893
i,n,108,3.61345720944,2.53911327703
i,n,109,7.78481616131,7.28378279287
i,n,110,1.7998924396,3.70257791215
i,n,111,-4.48987541187,-4.61023466211
i,n,112,5.35547764761,6.20743235528
i,n,113,-2.78207323545,-3.30175288735
i,n,114,-7.1088326662,-2.03229929238
i,n,115,2.16371976736,4.3924633675
i,n,116,-3.11173555775,-2.22589891613
i,n,117,-3.64533815398,-3.40064705667
i,n,118,7.2937488636,0.465514296423
i,n,119,7.04238835773,4.5869007995
i,n,120,-8.22855393741,-3.31014854516
i,n,121,-6.01534698198,-1.94335520173
i,n,122,-0.476576092556,-2.87300940471
i,n,123,5.69252695223,4.03904272721
i,n,124,-4.98201891057,-5.68709697965
i,n,125,-5.94972853384,-3.64944900716
i,n,126,3.40413672846,5.7907026041
i,n,127,-2.39247729328,-0.536742060146
i,n,128,2.6152896964,4.44592938343
i,n,129,-6.209132983,-3.6042429172
i,n,130,-5.46790499084,-4.07263177879
i,n,131,0.554333006662,4.80103459369
i,n,132,-6.88140904538,-4.7386747702
i,n,133,5.16015677246,4.52335726876
i,n,134,-5.44423390337,-3.94556739044
i,n,135,-7.22122547842,-6.10383994344
i,n,136,-6.49690094737,-4.06609416453
i,n,137,8.09324289188,4.36174719026
i,n,138,7.17169724445,3.25163108397
i,n,139,5.66023849498,3.93416520035
i,n,140,6.44084772216,7.01838345137
i,n,141,3.02172590999,5.21948259803
i,n,142,5.3699993833,3.45945479634
i,n,143,-5.65657517622,-3.93456265833
i,n,144,4.34839547077,2.75066101845
i,n,145,1.24405798887,2.20476457442
i,n,146,5.43075045891,3.66700511041
i,n,147,6.15784183189,6.77357637163
i,n,148,5.9501249325,5.98027104826
i,n,149,-6.11303397657,-3.3497428967
i,n,150,-7.46977084496,-6.01277432757
i,n,151,-6.07497335231,-1.95985667038
i,n,152,6.4435676389,3.88430684916
i,n,153,-5.19927869464,-6.32239267462
i,n,154,-1.89103061451,-7.32052374104
i,n,155,7.23203375103,4.5687360257
i,n,156,6.47030396903,6.12336732203
i,n,157,-2.12571511594,-5.44828550827
i,n,158,-5.66441042918,-5.09983027104
i,n,159,4.3434874021,4.56020631968
i,n,160,-5.00270199446,-5.53838829343
i,n,161,5.2847565059,6.22966783784
i,n,162,3.71636138147,4.62508706495
i,n,163,1.86161947366,5.24648657594
i,n,164,-3.65938619397,-2.0965545376
i,n,165,5.63044234746,3.14181884256
i,n,166,7.70867753384,2.70159204365
i,n,167,-3.7610457737,-0.810793507023
i,n,168,-4.76909899181,-4.09140581774
i,n,169,5.59664230164,5.07969110335
i,n,170,-5.2246894471,-6.93649369146
i,n,171,-4.45721175489,-3.60052722871
i,n,172,-5.01683334221,-6.3822074842
i,n,173,-2.01471753048,-4.38576213822
i,n,174,3.57652082597,4.51858354712
i,n,175,-0.975319127623,-5.56438089266
i,n,176,3.93964480909,2.2647614414
i,n,177,-3.18237311225,-3.86068650214
i,n,178,-4.65840668486,-3.50943864781
i,n,179,5.09825683269,4.68737077608
i,n,180,-4.01535010902,-1.59987030596
i,n,181,-4.13067106412,-2.89560258995
i,n,182,3.60152914542,5.41391349973
i,n,183,-4.42060309161,-5.48943638131
i,n,184,-5.81256598384,-3.77375222359
i,n,185,5.70449024895,5.06717146798
i,n,186,4.13653407153,5.07905369824
i,n,187,5.51991800337,5.98568193838
i,n,188,-4.94217736742,-3.56927370614
i,n,189,-0.924697592722,-2.41511991466
i,n,190,-4.23040606508,-4.45518270905
i,n,191,-6.12894955234,-3.97608643131
i,n,192,-8.7438625454,-1.72788390084
i,n,193,-3.77779832101,-7.56863170195
i,n,194,-9.52632227913,-0.401993859
i,n,195,-5.84753604923,-5.2111917883
i,n,196,-3.58354298405,-5.11961845443
i,n,197,6.4632960463,2.53014014656
i,n,198,-8.76650296364,-3.7247964189
i,n,199,8.01136365548,5.30210582498
i,n,200,5.44462801512,5.29817442895
i,n,201,-5.72601967058,-2.13681424174
i,n,202,4.07558240609,4.13619031162
i,n,203,-5.38640549893,-3.48182072753
i,n,204,-5.93391830487,-4.29205039459
i,n,205,-6.13813766675,-2.7012085279
i,n,206,5.65111571347,2.25823909661
i,n,207,-2.46027392725,-2.1904608087
i,n,208,3.41112251807,0.237551200878
i,n,209,6.27550534657,3.22770783036
i,n,210,-7.35298196765,-2.49905861505
i,n,211,-4.65852963777,-1.11897685819
i,n,212,3.29722196155,6.7241913179
i,n,213,-2.81072739911,-3.62830706415
i,n,214,-4.12905010421,-2.7343477664
i,n,215,3.53282274276,1.43979575659
i,n,216,7.37583701389,5.36451787996
i,n,217,3.74189963356,3.44477069631
i,n,218,-5.9625433674,-1.38273565325
i,n,219,4.82522373585,1.56238510885
i,n,220,-5.23709051715,-3.56844095021
i,n,221,4.63794335302,3.61476232236
i,n,222,-7.24021068531,-2.70960666172
i,n,223,6.60662151405,3.6183130864
i,n,224,5.79646658227,4.65931723911
i,n,225,6.75319515371,1.41131497728
i,n,226,4.47271196516,3.56141345938
i,n,227,4.32000337191,2.99027387551
i,n,228,5.89378947366,3.02931913897
i,n,229,-2.77656234588,-2.8202080913
i,n,230,6.29521476845,3.70471311298
i,n,231,3.94301780107,3.27481265711
i,n,232,2.50467268543,4.99419187994
i,n,233,-2.30666310694,-3.35997951394
i,n,234,-4.5406392039,-0.0448627415808
i,n,235,6.81350240361,2.83332567815
i,n,236,4.67721005345,2.66997506894
i,n,237,-2.94084300014,-1.97930542147
i,n,238,-6.74734571512,-5.19250173435
i,n,239,-5.23659891483,-2.97234516352
i,n,240,5.71067572334,-0.313743811111
i,n,241,-0.98872515429,-5.48463033551
i,n,242,4.73882412566,6.048055571
i,n,243,5.93075281857,4.64278561155
i,n,244,-2.09817636878,-0.526691241964
i,n,245,-3.91664326065,-3.00926250214
i,n,246,3.35281689,7.11716373908
i,n,247,-7.27634331095,-2.50110473301
i,n,248,7.34142646608,2.07146465732
i,n,249,-5.38169252889,-7.47250505889
i,n,250,6.45557804533,0.648768702045
i,n,251,-5.17618488287,0.151891417323
i,n,252,-4.34871653033,-3.46233565375
i,n,253,-6.55888918508,-4.85256688398
i,n,254,-7.8969592975,-4.64462537907
i,n,255,-4.56144946341,-0.727405244083
i,n,256,-3.94573763335,-0.000736041241681
i,n,257,-4.19608917406,-1.98904195794
i,n,258,-0.702169701313,-4.58175770395
i,n,259,-4.51989112905,-3.48853551083
i,n,260,-5.90500213441,-3.31243329917
i,n,261,4.17756513462,4.86059446496
i,n,262,4.27118331729,3.47133991245
i,n,263,5.68955255039,2.90614904334
i,n,264,-4.52534399122,-4.19456706707
i,n,265,-5.58715365896,-4.23394414856
i,n,266,6.22758115704,4.15801199796
i,n,267,-3.53439183869,-6.2996498674
i,n,268,7.91652089327,2.09934045408
i,n,269,-3.42533561748,-3.32690768439
i,n,270,3.50974904486,3.80776266809
i,n,271,7.65896752524,4.27458023922
i,n,272,-5.07899416086,-3.80326894025
i,n,273,-4.30020885278,-4.30427101114
i,n,274,-4.38466399334,-5.17578416066
i,n,275,3.41713277879,0.479474075562
i,n,276,3.52749657259,7.23658269563
i,n,277,5.25117377141,-0.203538838403
i,n,278,6.26491038652,5.27663605038
i,n,279,-4.05088226107,-3.62624532391
i,n,280,5.99275654204,1.98704365164
i,n,281,-5.3056567243,-6.9371314696
i,n,282,4.95536784348,2.71550348515
i,n,283,3.62390768392,2.56975190309
i,n,284,3.42410635383,5.85944750877
i,n,285,5.96584550683,4.23338300512
i,n,286,3.3537285761,2.61659720545
i,n,287,-3.97863236668,-3.90431251896
i,n,288,-4.434022971,-3.86465533591
i,n,289,3.13874611389,3.62175281999
i,n,290,1.93563888098,2.2285946502
i,n,291,4.38901124005,3.56157353961
i,n,292,-6.12757168035,-4.63867731664
i,n,293,3.78166941947,5.18708720039
i,n,294,-10.0335635309,-2.5666139633
i,n,295,-4.35838499945,-2.40670101274
i,n,296,-4.06938767725,-2.80925414977
i,n,297,5.87308798945,0.0792423794966
i,n,298,-5.2392305088,-1.27807276764
i,n,299,4.50291892809,6.28848595482
i,n,300,-1.75687337524,-3.54792888665
i,n,301,-7.51507777853,-0.5932851588
i,n,302,3.020145228,2.92418296947
i,n,303,-6.58245376631,-0.556333915541
i,n,304,7.72245913792,4.15853686176
i,n,305,-6.14919323249,-2.91215994917
i,n,306,-5.76449949395,-2.01911945718
i,n,307,-9.68703547371,-6.71550941237
i,n,308,-1.66870392561,-5.15148179085
i,n,309,-7.30049971173,-4.96733142427
i,n,310,5.39238402714,2.81832098504
i,n,311,-1.66033178401,-2.17795644068
i,n,312,-4.08293494445,-3.02427798171
i,n,313,2.66083172796,3.83846400762
i,n,314,-6.01355332432,-4.11350239838
i,n,315,5.8279204852,1.89419295719
i,n,316,5.87647854631,3.15578640962
i,n,317,-7.23653623891,-2.77903167276
i,n,318,-4.30940825309,-4.04690560153
i,n,319,3.22517093598,3.52218605562
i,n,320,3.69881532789,5.18880737715
i,n,321,7.00533655338,0.146499840584
i,n,322,-7.0734256254,-3.1309141283
i,n,323,-3.78700274352,-6.3326980006
i,n,324,7.22734003813,0.835211854269
i,n,325,-5.41497197847,-1.90105813285
i,n,326,5.67412421076,1.10194812266
i,n,327,-7.00684136002,-5.2383674435
i,n,328,-4.72513201768,-0.551576805099
i,n,329,9.14376513107,5.46064886446
i,n,330,-4.81796106094,-5.29684699244
i,n,331,8.92235935581,4.40071052904
i,n,332,4.8431626238,3.79189658422
i,n,333,-3.26288679447,-5.12802128905
i,n,334,5.80174070812,2.92445737884
i,n,335,4.01220061051,2.14354046824
i,n,336,-5.89124874256,-3.43608274293
i,n,337,-6.37867244214,-1.11614498166
i,n,338,2.19693894081,3.4385747923
i,n,339,-4.92255896985,-3.64466589361
i,n,340,-5.30419978258,-2.67960548637
i,n,341,-7.6319373597,-2.88495858922
i,n,342,4.01674146562,6.38599730353
i,n,343,2.19820685942,1.18418753888
i,n,344,6.41261110668,2.46067710852
i,n,345,7.01418948575,0.855279373548
i,n,346,-3.48209075521,-2.9467758668
i,n,347,-2.9594753249,-2.57290114328
i,n,348,0.783817190222,5.95581861202
i,n,349,-2.66620964173,-3.065667057
i,n,350,5.01376877829,1.22961853274
i,n,351,4.41702076237,5.02701777049
i,n,352,7.48811466481,2.78301669545
i,n,353,-5.40774448659,-3.51447570257
i,n,354,7.42760937791,2.14817631946
i,n,355,6.25816151526,2.38924413706
i,n,356,5.93418015316,4.62351130574
i,n,357,-5.35536152974,-0.0270307320879
i,n,358,4.571006685,0.463486308403
i,n,359,6.09829324033,2.80273293978
i,n,360,5.73746065135,2.41221701768
i,n,361,-4.1210855637,0.134507421679
i,n,362,-5.39238323468,-1.87011272221
i,n,363,4.61126058163,2.30296053475
i,n,364,5.68473398228,1.99081256458
i,n,365,1.17987300495,2.4834844201
i,n,366,-4.96058373997,-3.63670852471
i,n,367,-7.25014705891,-2.16021497017
i,n,368,2.08851512279,1.0433834469
i,n,369,-7.088741723,-0.193378368135
i,n,370,-3.92990283181,-1.88704323619
i,n,371,-5.91508213446,-1.444914451
i,n,372,7.15424388593,4.49397282545
i,n,373,-4.89492522846,0.450131255028
i,n,374,2.1662683095,4.96840895509
i,n,375,-2.55201207692,-0.819693756906
i,n,376,-3.71659237074,-3.40529582371
i,n,377,3.11124601297,1.7854445976
i,n,378,3.85353216339,3.38106179384
i,n,379,6.65557102248,3.9371774862
i,n,380,8.90200703268,1.84639673947
i,n,381,-4.46054697789,-1.00425874341
i,n,382,4.89101668682,4.77994741985
i,n,383,4.58751314332,4.63111817345
i,n,384,-6.71090484108,-0.877396882445
i,n,385,-5.83361992831,-2.37690484627
i,n,386,-5.6294123752,-4.4111425388
i,n,387,8.10235609061,4.53012537235
i,n,388,6.07909860699,4.86897380823
i,n,389,-5.32081862881,-0.589309523299
i,n,390,-4.96524324418,-0.870861180392
i,n,391,-5.53755330412,-5.35823888145
i,n,392,5.41898418551,2.02888642323
i,n,393,-5.1626769736,-3.08798880401
i,n,394,7.63023201056,0.961769755818
i,n,395,5.3428796867,3.31056348999
i,n,396,7.13158022105,2.87771195144
i,n,397,-3.98253674122,-3.26276757383
i,n,398,-9.95808733602,-2.9953019335
i,n,399,-3.2123127853,-4.03670517916
i,n,400,4.63840971594,3.50302306902
i,n,401,-5.49058561617,-2.13344825616
i,n,402,-5.32718462455,-2.76620320163
i,n,403,-2.15919217426,-2.62464956703
i,n,404,9.95319468282,6.60754356899
i,n,405,-4.89231917774,-2.99394806435
i,n,406,4.18028710516,2.14804342469
i,n,407,6.37841016829,2.88907849732
i,n,408,6.0542647296,3.6255710064
i,n,409,-2.64376229072,-3.78682652052
i,n,410,3.65028874974,2.94907956656
i,n,411,3.29626187585,1.68035489875
i,n,412,-3.37816065252,-3.39967817724
i,n,413,-5.62593510783,-2.12770818442
i,n,414,3.49561928313,3.66571507168
i,n,415,-8.2345875377,-3.55859629106
i,n,416,2.45474380928,3.7229163053
i,n,417,-0.0233920078444,0.260759157349
i,n,418,4.33517858932,2.90038174162
i,n,419,-5.77495282529,-3.7175190172
i,n,420,3.45081835805,0.343985897251
i,n,421,6.10213744313,2.94564854117
i,n,422,-5.56338263034,-7.01172082547
i,n,423,-4.06492372043,-1.45343200573
i,n,424,6.11761088972,0.134086944227
i,n,425,-3.52619199877,-3.92942739576
i,n,426,-7.35127926885,0.762427924581
i,n,427,-5.96256680537,-4.86798001684
i,n,428,7.79857324047,1.07872811489
i,n,429,-5.63739869733,-0.928354558223
i,n,430,-5.39700136753,-0.793828981044
i,n,431,-5.69701832784,-6.25214087337
i,n,432,5.29321758971,-0.719554641797
i,n,433,7.5762928619,4.82967603201
i,n,434,2.89669328919,3.54299930016
i,n,435,4.84095919516,3.04093074445
i,n,436,-4.0498115594,-3.2112452834
i,n,437,-8.1215765855,0.374536084801
i,n,438,5.29276235474,-1.25198826181
i,n,439,-5.44743683239,-0.492530862324
i,n,440,-8.49744749945,-3.30902518458
i,n,441,-3.3122884895,0.129798589796
i,n,442,3.0995467394,3.64668743597
i,n,443,6.03680131,2.81141993025
i,n,444,-6.54222029557,-2.87677850866
i,n,445,5.67886383841,1.628902942
i,n,446,-3.94810179171,-0.311299218463
i,n,447,6.80895799594,-1.24510572126
i,n,448,-4.19179766417,-1.8109893918
i,n,449,5.9268719883,0.952965259625
i,n,450,-4.4626143835,-0.247331391763
i,n,451,-4.1627202649,-0.999461943263
i,n,452,5.81154226334,-0.115160685574
i,n,453,3.40685514031,-1.79508137599
i,n,454,4.0473297354,1.83493352976
i,n,455,3.67449786798,2.49720013545
i,n,456,-5.67698344332,-2.66137047129
i,n,457,-7.57737262826,-0.544347982487
i,n,458,5.93936452266,2.22239934707
i,n,459,6.62963636901,1.21358694998
i,n,460,-5.74774668097,-0.421535583051
i,n,461,-4.5499065129,0.190839332166
i,n,462,7.65330253672,1.64205268856
i,n,463,-4.01854005286,-2.22387434614
i,n,464,-2.47407120652,-1.29924405997
i,n,465,5.59687146396,1.26592502657
i,n,466,-5.5067246704,-4.88594950654
i,n,467,5.67469495345,2.20502105739
i,n,468,-3.6840933716,-4.15551976697
i,n,469,-4.76016631774,-1.96156859837
i,n,470,5.67601174521,3.11998666989
i,n,471,2.54630728543,2.92188060453
i,n,472,3.38675958166,6.08645617375
i,n,473,-7.12875886164,-2.82872848412
i,n,474,-6.0396535595,0.784995340308
i,n,475,3.46402752451,0.947054023937
i,n,476,4.16082506807,2.07101565497
i,n,477,6.02831295089,0.376221391992
i,n,478,-5.93884789978,-2.444543158
i,n,479,5.28941479121,1.23712795729
i,n,480,-6.24126956773,-4.03541331084
i,n,481,4.7889716391,2.9477147122
i,n,482,-7.19443656035,-0.642398246108
i,n,483,5.80805701557,3.98509153387
i,n,484,3.4133216181,1.31969901819
i,n,485,3.14738156477,5.25466476691
i,n,486,-1.5778645226,1.57504439258
i,n,487,5.58124482013,-0.168311435685
i,n,488,-7.01718216059,1.25134467351
i,n,489,-4.64164497016,-1.5339776292
i,n,490,-4.41584652435,0.343939207697
i,n,491,6.79307975399,1.20905972086
i,n,492,5.63291418974,1.59025581361
i,n,493,-4.06909554672,-3.43695194354
i,n,494,-4.9245223425,-0.508618070249
i,n,495,3.29943502666,0.0644966369324
i,n,496,-3.14471989951,-4.41472572399
i,n,497,-6.21165057568,-0.0367928443403
i,n,498,4.31177854726,0.897317117887
i,n,499,3.41855340703,0.0673631874207
i,n,500,7.45515664099,1.65537260373
i,n,501,5.04895645339,3.89350755238
i,n,502,-5.47340407888,-2.65475167071
i,n,503,6.26133546853,3.65979018961
i,n,504,8.04295705996,3.9828652399
i,n,505,5.51246275694,-2.35976021527
i,n,506,4.92772006055,0.947668845913
i,n,507,-5.17795604752,-4.94081659732
i,n,508,3.47131859024,0.323225191883
i,n,509,8.94372300871,1.38727153133
i,n,510,6.03567813258,1.96198405606
i,n,511,6.44870433183,6.53626819984
i,n,512,-5.03778743048,-2.93329446933
i,n,513,-5.81862005811,0.110325612341
i,n,514,-3.77588040813,-1.50055407402
i,n,515,6.89252357935,-0.766891600956
i,n,516,7.00507072211,2.32139635189
i,n,517,8.23917004081,3.27910895396
i,n,518,-4.83290068072,-3.39877437332
i,n,519,4.68447182649,1.00576287457
i,n,520,-4.91916854871,-1.97720693315
i,n,521,-3.96013704009,-2.82245539077
i,n,522,-4.18593511045,-2.52983059764
i,n,523,-4.69336969989,-2.82697694046
i,n,524,4.16005433609,-0.523846113539
i,n,525,5.79890106954,2.15626700116
i,n,526,-2.72045478784,-1.12964636282
i,n,527,4.24793095933,-0.0353154358594
i,n,528,-2.95086200198,-1.95742567671
i,n,529,-4.84020896356,-2.65275304443
i,n,530,3.32990825897,1.2733833548
i,n,531,-3.43917924388,0.719941805237
i,n,532,-4.025761918,-0.993816105067
i,n,533,2.68588566865,0.685559536852
i,n,534,-5.56162510688,-2.2818552847
i,n,535,7.48127661971,3.10625923589
i,n,536,5.84262866252,2.96327855319
i,n,537,-3.06345719022,-1.48903028284
i,n,538,-7.4692716462,-2.66158671596
i,n,539,-0.371518950689,-3.64248620463
i,n,540,3.17013449738,2.05524848229
i,n,541,-5.64109635315,-2.60620108817
i,n,542,-5.90754570431,-1.93147462912
i,n,543,8.19585556966,5.13043122189
i,n,544,-4.55244150472,2.46109893493
i,n,545,-4.43245739907,-2.89440717523
i,n,546,5.32948001975,2.43010080562
i,n,547,3.87047180513,0.874402957034
i,n,548,5.26946364437,3.18390340381
i,n,549,-1.96667877761,-2.04767230005
i,n,550,5.53549144895,4.58764140678
i,n,551,4.51058709119,2.81365963008
i,n,552,-2.40399558025,-1.72351043614
i,n,553,-4.02023832862,-0.666984796681
i,n,554,-7.63447227418,2.09995125028
i,n,555,-3.31798945012,1.31460669948
i,n,556,-3.6275184931,-3.38371072676
i,n,557,-1.69801845915,-1.47599539655
i,n,558,3.30265581757,2.08998645116
i,n,559,6.89912357217,0.619468857773
i,n,560,-5.17996914727,-0.787570294995
i,n,561,-4.53953372091,-3.08636240691
i,n,562,-7.38408293142,-1.86847757475
i,n,563,-7.52525758139,-4.45337056104
i,n,564,-5.06759206511,-5.3948600978
i,n,565,3.28623433223,5.40060808696
i,n,566,-2.08003382245,-2.21899143491
i,n,567,-4.20213471445,-2.48831928079
i,n,568,6.69302690857,2.93744845892
i,n,569,-6.19609739426,-0.749184576147
i,n,570,4.42121434498,2.2202135099
i,n,571,0.470014570693,2.38206257584
i,n,572,4.45387638276,2.13548465905
i,n,573,2.91884143324,2.80506738768
i,n,574,7.05074419796,-0.820972416474
i,n,575,-7.89726610989,-2.47481427801
i,n,576,-9.87070518567,1.79050364647
i,n,577,-4.70270178709,-1.84844604884
i,n,578,4.63951964771,1.65499460131
i,n,579,-8.98446205996,-3.19427514246
i,n,580,4.2244034838,3.74708736763
i,n,581,5.18905033089,-0.255123816253
i,n,582,-4.98245442789,-0.211524279252
i,n,583,-3.63851370982,0.484970354519
i,n,584,2.08376436499,2.61176877656
i,n,585,2.30542572634,2.536452811
i,n,586,8.21839688121,-0.146739150871
i,n,587,3.53568379495,2.39299129673
i,n,588,-3.99231708815,-4.1947270786
i,n,589,-6.97534268353,-0.238988638569
i,n,590,-4.70427416068,-0.786773711321
i,n,591,-4.14648125457,-1.48189668993
i,n,592,3.65530023794,3.19262912087
i,n,593,4.10606208073,1.03995983171
i,n,594,3.15198864651,3.21169617019
i,n,595,-4.85842274625,0.305366943119
i,n,596,6.25300640208,3.18881298907
i,n,597,3.09582160157,2.60799216606
i,n,598,-4.47948915349,-3.23183680012
i,n,599,5.105240727,2.46575657277
i,n,600,6.41226850801,3.4500071379
i,n,601,1.95021495928,2.82155827633
i,n,602,6.29516317834,-0.60822288382
i,n,603,-4.68064894241,-2.42954653326
i,n,604,-5.85931596291,-3.68501416377
i,n,605,5.91965690311,0.683117717433
i,n,606,0.943897885311,-0.649637806408
i,n,607,7.5352845523,-0.608029871142
i,n,608,-4.40846083797,-2.01137573064
i,n,609,-7.01305067896,-0.0584131074986
i,n,610,-4.43536135336,-0.876207320914
i,n,611,-5.94208304944,1.08183329086
i,n,612,7.0178277034,0.618884623909
i,n,613,-0.848130009759,-2.38156621843
i,n,614,7.52098304595,-0.492460230874
i,n,615,-5.46212058348,-1.90101171476
i,n,616,5.31165399105,-1.54480140331
i,n,617,4.63438644251,0.458252879195
i,n,618,-7.3969238035,-1.86689298686
i,n,619,-7.05173028488,-3.01437004327
i,n,620,-6.46824582054,0.791975845171
i,n,621,-7.37122944969,2.94236569898
i,n,622,2.45529178563,2.45220337475
i,n,623,5.56652101821,2.85312910267
i,n,624,-4.3572319232,-0.217823851402
i,n,625,-7.88496907668,0.489472026827
i,n,626,-5.7496140182,-0.123821314484
i,n,627,-6.45595386666,-1.36148271631
i,n,628,3.92436802608,1.11682436904
i,n,629,4.66569406598,-0.580114080574
i,n,630,-6.35752976004,-2.4796433617
i,n,631,-4.53355418483,-0.125161349443
i,n,632,-4.50070531378,-2.38457759526
i,n,633,6.69228917668,1.21992551293
i,n,634,3.78073551499,-0.806023678755
i,n,635,-4.72977102708,-0.932319474584
i,n,636,5.80099922333,7.06474752528
i,n,637,-5.79055614208,-2.00583403125
i,n,638,7.39289122735,0.0768263375943
i,n,639,-7.2518282322,-2.01962956173
i,n,640,6.28708584784,2.3786721766
i,n,641,6.19676434342,0.121859936026
i,n,642,-4.76756768648,0.485423638322
i,n,643,-6.87929954648,-3.73037095875
i,n,644,-4.3578299573,-5.10517523519
i,n,645,4.07307791087,4.05460097022
i,n,646,-4.89911674136,-3.24863928526
i,n,647,4.13206166238,1.69886077576
i,n,648,-5.41766539332,0.627146260086
i,n,649,7.69344802501,0.330001970147
i,n,650,5.6426074947,0.151583709306
i,n,651,4.29696847818,1.96975576952
i,n,652,2.88588862194,-0.378199952254
i,n,653,-4.15584867116,-2.99677364871
i,n,654,3.34934670123,1.08215797269
i,n,655,-3.77591504781,-3.91446995826
i,n,656,4.23151263005,1.69166221564
i,n,657,6.54867131841,1.57798159984
i,n,658,7.19286233539,4.14061116758
i,n,659,5.36183125118,1.12678585758
i,n,660,-10.2615795168,-3.53084861958
i,n,661,5.26491678158,1.55962075897
i,n,662,-5.24977221866,1.90895117634
i,n,663,4.43067644285,-1.6530734092
i,n,664,-5.05285689547,-0.114608952037
i,n,665,-5.49428315719,-0.88571085008
i,n,666,4.47889927924,-0.0221527254346
i,n,667,3.01775241443,1.76432596396
i,n,668,4.09898463799,2.54628180237
i,n,669,3.88351252457,0.882333585367
i,n,670,-6.28255314739,-0.319753180442
i,n,671,5.01892259194,2.81508309886
i,n,672,-4.71716968368,-1.49138602047
i,n,673,-9.2712342324,1.57070352748
i,n,674,-5.0705602607,-0.408320517161
i,n,675,-2.06018079118,-2.33833865077
i,n,676,3.10502183083,2.94839464217
i,n,677,-7.67341779457,-2.39329345294
i,n,678,4.44830187088,2.36159535695
i,n,679,2.87574735715,-1.85276231627
i,n,680,4.8715079725,0.841748804344
i,n,681,6.26772638602,0.251453593478
i,n,682,-4.68337184878,1.4886438799
i,n,683,-3.40312082229,-1.58125790001
i,n,684,-3.31112017754,-2.12167274209
i,n,685,5.2008596396,5.24963038964
i,n,686,-3.90310732387,-0.592101470905
i,n,687,-5.83411180604,0.153332181287
i,n,688,9.68683230312,2.32451340763
i,n,689,6.40913539147,1.97005073398
i,n,690,-2.89205121576,1.51123086374
i,n,691,6.17277018738,2.0148371546
i,n,692,-3.37746543632,-2.3291032283
i,n,693,1.41257352639,0.686215582632
i,n,694,-6.50847164846,-0.503670995885
i,n,695,6.56557941559,0.795786585016
i,n,696,-8.69665522293,1.7746727225
i,n,697,4.4134274545,1.0615744702
i,n,698,-3.52329159771,-3.08268212529
i,n,699,-4.59452270715,-1.77670881332
i,n,700,-4.84363281368,0.758039654976
i,n,701,1.49998773337,-1.39931537537
i,n,702,-4.75333483678,-1.46940112328
i,n,703,-4.60991371459,0.0999747885654
i,n,704,5.93861517319,-1.17439956763
i,n,705,4.86990573781,-1.32748220393
i,n,706,-3.90227655639,-1.80376948498
i,n,707,4.69990191695,3.49087761197
i,n,708,-2.58127047608,-2.43445559446
i,n,709,-5.74161367414,0.752846756383
i,n,710,-3.91698418617,-1.62829208977
i,n,711,-6.21773830221,-0.378071480082
i,n,712,3.76948741652,2.07495072008
i,n,713,-3.64391589377,-2.51794085504
i,n,714,-5.53856170862,-5.23403074617
i,n,715,7.71248717029,-0.774456992791
i,n,716,7.37602057884,1.9029540487
i,n,717,4.04969610323,1.65207122477
i,n,718,-5.97145337209,-0.961861829038
i,n,719,6.21946761218,3.05857775305
i,n,720,6.53981689846,1.12625166544
i,n,721,-4.88149287764,0.235547628592
i,n,722,7.61266337769,1.50408176379
i,n,723,-4.576871002,-2.81968546556
i,n,724,-8.06008928428,-2.60110805213
i,n,725,6.73402885344,2.93125152197
i,n,726,-4.95421286963,1.51876269963
i,n,727,4.04906887521,-1.72110927328
i,n,728,-5.52772157312,-0.826054692614
i,n,729,-3.76305790625,-2.77926782517
i,n,730,4.25772655745,-0.794157335988
i,n,731,-4.45196967084,0.782064957209
i,n,732,-3.27516661121,-1.82881035332
i,n,733,3.95138894656,-1.19441587909
i,n,734,5.86822969114,-0.403767050445
i,n,735,3.89720071188,1.66208382035
i,n,736,3.91448317735,3.92813227676
i,n,737,7.7442606942,1.65153921714
i,n,738,-4.972128463,-1.63511461606
i,n,739,2.84903387068,-2.64122687903
i,n,740,-4.00976049457,1.06158231488
i,n,741,-1.87353925105,-2.07682251429
i,n,742,5.09897031047,1.50292728912
i,n,743,6.18725789582,4.08061834603
i,n,744,3.80416025844,1.24136911542
i,n,745,-3.23629028505,-2.11820771266
i,n,746,6.16794343465,1.61258694408
i,n,747,7.19340392141,1.55941676386
i,n,748,8.94061460041,6.64772898094
i,n,749,-4.09645423276,0.328231955845
i,n,750,2.6038315176,2.77069958913
i,n,751,-6.09383616386,1.30438705242
i,n,752,4.38453273212,-0.909444897796
i,n,753,3.07199115004,1.19886272774
i,n,754,6.15271998365,-1.03477859756
i,n,755,1.10711862446,-0.286622211756
i,n,756,4.0689507217,1.87080945655
i,n,757,5.37631728097,2.60565373939
i,n,758,-4.64091179642,0.111290353629
i,n,759,5.47540560101,-1.51546696768
i,n,760,3.40403148749,3.33873736391
i,n,761,-6.75173338228,-0.572313221202
i,n,762,-5.34548548016,-0.284021129195
i,n,763,-5.75379431214,-2.06033552994
i,n,764,-3.33965146758,0.618695397865
i,n,765,-8.93622774319,-1.10512673548
i,n,766,-6.7957928223,-2.19713638323
i,n,767,5.80194397379,1.63099676809
i,n,768,-6.56002036349,-0.874070652621
i,n,769,-6.59115190381,-0.530098593446
i,n,770,-6.30529735043,-0.386622958577
i,n,771,-5.2205422164,-2.63055600007
i,n,772,-5.13048752169,-2.86619316584
i,n,773,-6.80819742806,2.86277110682
i,n,774,4.71876229005,0.826170773843
i,n,775,-5.89879365514,-2.34798666348
i,n,776,-5.79629924789,-0.145047282753
i,n,777,4.79586366586,1.34404008016
i,n,778,-6.65004128074,0.673994051566
i,n,779,1.49426447289,1.53129466382
i,n,780,5.58242108067,1.68084455356
i,n,781,-5.05393652484,-1.9130868598
i,n,782,4.67436616725,1.44807136461
i,n,783,5.6079856288,1.74596063674
i,n,784,-5.21503736493,-3.05839107026
i,n,785,7.44883747222,4.12600231092
i,n,786,3.11632651777,4.84242701712
i,n,787,-3.9321731871,-0.827456810954
i,n,788,-6.66836332283,-1.52902081559
i,n,789,-4.36122472505,2.36225822684
i,n,790,-5.68583667614,-2.64778638343
i,n,791,2.60974234749,-1.34829467966
i,n,792,6.053807758,-1.37812255054
i,n,793,-6.4130776737,-0.842956847095
i,n,794,-6.12328619816,-2.06876695959
i,n,795,6.31766192087,-0.885245571168
i,n,796,-6.7381351803,-0.8667159397
i,n,797,2.45376380119,3.53166707248
i,n,798,4.75959058747,4.29673965347
i,n,799,4.34578629063,1.06638608181
i,n,800,4.11113381871,0.626626864767
i,n,801,6.09749844662,-1.10278963594
i,n,802,5.78503303647,0.5185148848
i,n,803,-4.08778642419,-1.11983666418
i,n,804,-4.58676929125,-1.1423412863
i,n,805,5.48252436704,1.58755344479
i,n,806,-3.60275551962,0.542987947532
i,n,807,-8.53072562479,-1.8672798548
i,n,808,-2.90742553142,0.688655591362
i,n,809,-7.27671434206,-0.626029888123
i,n,810,3.19922401947,0.232770488272
i,n,811,-5.67701021143,1.91344728373
i,n,812,-4.88980220051,-0.356374811951
i,n,813,-6.09613471509,0.874420253641
i,n,814,-9.62647930431,1.69478079069
i,n,815,-1.64267331736,1.99587864706
i,n,816,0.637134712141,-1.22310287214
i,n,817,-3.51687139865,-0.0713159467444
i,n,818,-7.04800802109,-2.26798188799
i,n,819,-3.19875947397,1.21187375589
i,n,820,2.64332643899,-0.790525155755
i,n,821,-4.56290364933,-1.54735778745
i,n,822,-4.18780424472,-0.19423100636
i,n,823,4.48011428405,-2.18820276931
i,n,824,-6.581212796,0.188950294381
i,n,825,-4.06095853484,-1.33630186926
i,n,826,-4.61360165164,-1.79850776147
i,n,827,3.69118289444,-0.756596655917
i,n,828,4.48245175905,3.16968702591
i,n,829,4.33675622495,1.03441977742
i,n,830,-5.67397254832,0.110487627355
i,n,831,6.85886456721,-1.28368785858
i,n,832,6.33652047316,0.347499314188
i,n,833,-3.66319145633,-1.53606684431
i,n,834,3.8229976734,-0.390467088781
i,n,835,2.8808912821,1.29412145522
i,n,836,6.68146892429,3.75782893624
i,n,837,-5.84662130372,-0.327102613767
i,n,838,-5.11445961625,-1.5021605451
i,n,839,-6.08963435566,-0.586452909172
i,n,840,-4.15180598718,0.599045367023
i,n,841,6.12999298173,-0.484037541175
i,n,842,4.27986727582,0.169651550721
i,n,843,1.90681306609,0.807109896265
i,n,844,-5.22483446104,0.581043032929
i,n,845,-4.33700319824,-2.26123961215
i,n,846,4.73591915533,1.79884332144
i,n,847,-7.89128616931,-2.26652054525
i,n,848,2.93928896242,-0.979741084154
i,n,849,-6.28717991903,-0.0801591277025
i,n,850,3.93446160951,0.470338984742
i,n,851,-0.756001923093,-1.76686976553
i,n,852,4.28762040922,-0.544770525537
i,n,853,-2.09241144724,3.687759887
i,n,854,3.00250200332,1.93522501489
i,n,855,2.68897766086,0.933733700075
i,n,856,-6.20495243497,2.19867598682
i,n,857,-8.2736776109,-0.693685343933
i,n,858,4.47103147893,0.118776937416
i,n,859,-3.52774773448,0.307252539773
i,n,860,-9.67025377832,-1.80502340235
i,n,861,4.78148392331,0.519097268468
i,n,862,-5.7431978431,1.40417931866
i,n,863,3.73796199561,3.35072893563
i,n,864,5.47636198744,2.36201226179
i,n,865,8.25370696274,0.382293916647
i,n,866,-6.06594666426,-1.89325520212
i,n,867,-5.01645125973,0.037974200592
i,n,868,-2.67438344895,0.697056675458
i,n,869,-6.76142511602,1.2242921217
i,n,870,5.66060909875,-0.244644985841
i,n,871,8.41679346669,-0.332944787968
i,n,872,5.61236278782,0.473818637072
i,n,873,-6.16981572486,-2.3626361176
i,n,874,-10.3596519626,-2.47874034095
i,n,875,-3.64791916754,0.530242860889
i,n,876,-5.62563787253,0.272124900337
i,n,877,4.46658794752,3.53515676184
i,n,878,8.34251920088,-3.59517037194
i,n,879,2.18958476846,-1.26657159452
i,n,880,-8.70385074502,-1.59054140839
i,n,881,-3.70478511372,0.129357679474
i,n,882,-5.61384722508,2.07766876738
i,n,883,5.38582151843,-0.61069042969
i,n,884,-5.09855793265,0.919790390195
i,n,885,3.02407440727,-0.956741791098
i,n,886,4.88145970044,0.192234245204
i,n,887,-5.83355758621,3.45545265864
i,n,888,3.55605540598,-2.7523963026
i,n,889,4.29221216941,-0.306634109497
i,n,890,-8.12995502232,0.600108623936
i,n,891,-2.73831309023,-1.83248425054
i,n,892,5.23631474215,-0.657503566564
i,n,893,-7.75630882739,0.208576396701
i,n,894,6.31590067017,1.01807910886
i,n,895,-5.42446075893,-0.231649691671
i,n,896,4.27937486001,-0.196195579858
i,n,897,-0.651462613019,1.11065630005
i,n,898,5.50013757093,-2.10815414646
i,n,899,5.41779440798,-0.815274621141
i,n,900,-4.64210489338,-0.131858690948
i,n,901,3.30325154099,1.06586525876
i,n,902,-6.2566222894,-1.93712160487
i,n,903,3.37815503566,1.28873197596
i,n,904,-4.48661656216,-0.0858160750971
i,n,905,5.4183966059,-2.886961451
i,n,906,3.40470170018,-0.8018324242
i,n,907,-1.28673266091,-0.0852538065407
i,n,908,3.41344608823,0.181783028861
i,n,909,-4.10374722198,-0.981666641288
i,n,910,-8.09183979549,-0.606182678722
i,n,911,7.99966695037,-1.66603877433
i,n,912,-4.59202561625,-2.17970683151
i,n,913,4.10380908182,0.176844482008
i,n,914,-4.66024233489,-0.0584652982324
i,n,915,4.12095355738,0.110870142521
i,n,916,9.40924790864,-0.248919605628
i,n,917,5.42687243865,-0.98412464825
i,n,918,6.42287489005,0.866596957096
i,n,919,-6.63166088785,-2.69014765682
i,n,920,-6.60795727328,1.98603663263
i,n,921,-4.20286535731,-0.632822381566
i,n,922,5.60959162124,-1.72248633706
i,n,923,2.51899451387,0.926647262231
i,n,924,-5.26491615048,2.05437509727
i,n,925,-3.16125506702,0.823358406434
i,n,926,4.34357534466,-1.5699594561
i,n,927,-4.293910824,0.467623862595
i,n,928,-3.87540471191,2.44332520284
i,n,929,6.35484262834,-0.806893927699
i,n,930,6.67649718796,1.16587621343
i,n,931,-5.20377187831,0.615790332689
i,n,932,-1.88051804544,-0.0404683938433
i,n,933,-10.7149052136,1.91541072739
i,n,934,6.33370877154,1.35086688331
i,n,935,6.8907855948,1.77483493677
i,n,936,3.09162852861,0.427922224495
i,n,937,-5.1589228583,-3.45487576814
i,n,938,5.99786604087,1.15797291733
i,n,939,-4.39807023028,-0.189392418454
i,n,940,-4.4627287212,0.666425486298
i,n,941,-2.90589133433,2.21375890707
i,n,942,8.16384770866,1.38112068116
i,n,943,-2.41575550374,0.63662877609
i,n,944,-6.98646894756,-0.06922939929
i,n,945,5.65563728975,2.40429491334
i,n,946,1.98203704927,1.23802826958
i,n,947,-4.12353449423,-3.70265173863
i,n,948,-4.22530512343,0.256826460069
i,n,949,7.02600782039,-2.20551260849
i,n,950,-4.51489330526,2.83038523642
i,n,951,4.33416975556,2.232292093
i,n,952,-2.17942119055,-0.0939899196799
i,n,953,-4.30648695874,-0.331295711036
i,n,954,6.17889026729,-2.03541091294
i,n,955,4.95734824978,-0.593269170427
i,n,956,2.49507451763,0.310177827001
i,n,957,5.49002951245,-0.161698792165
i,n,958,5.12177631094,0.460640582119
i,n,959,4.92787707547,1.05912257568
i,n,960,-3.1033137708,0.992981522788
i,n,961,-1.72554533412,-1.68300788947
i,n,962,-5.12668038461,-0.469644433079
i,n,963,3.95850424673,-1.98780139933
i,n,964,5.62705104932,-1.44500579899
i,n,965,3.90172007745,0.0785819821501
i,n,966,7.29351844991,-0.130059310355
i,n,967,8.21071575659,0.00944735896337
i,n,968,2.84002934451,-2.85226183823
i,n,969,-7.70342581015,0.45818153745
i,n,970,4.30051929554,-0.611288171077
i,n,971,-5.30142020286,0.679305557871
i,n,972,3.61601692861,0.436143282814
i,n,973,-5.36884539239,1.37257301818
i,n,974,2.59673176854,1.03402010361
i,n,975,-4.07178345619,-1.08224052165
i,n,976,-4.98457983756,-0.642998424503
i,n,977,-3.28917541812,-1.6123548583
i,n,978,3.72352008626,-0.909175522481
i,n,979,5.45313953913,0.217816338586
i,n,980,2.74315219106,-1.63167567058
i,n,981,6.80783180829,-0.428404101705
i,n,982,6.22822803395,1.76941225584
i,n,983,-4.43236800729,0.399829911192
i,n,984,3.96232405111,1.1642822993
i,n,985,1.88219143258,-1.39744468445
i,n,986,-6.74423017668,-1.88763817521
i,n,987,-4.41448187542,0.332038724409
i,n,988,2.91800814259,2.97249336186
i,n,989,7.07810992779,1.22744454997
i,n,990,-4.89358358909,0.110519298345
i,n,991,-6.18824108004,0.0781861835745
i,n,992,8.30870707876,-0.740704872478
i,n,993,3.65405003598,3.07991453445
i,n,994,5.88597091356,-0.769918100459
i,n,995,-4.77795943115,2.51545611681
i,n,996,-4.48663715007,4.08432653378
i,n,997,-6.44335064337,0.161964519374
i,n,998,6.47078552234,-0.585259809203
i,n,999,5.92802847256,-0.019721247655
i,n,1000,-3.42706396714,0.0323313047891
i,n,1001,6.74109166687,0.102557819485
i,n,1002,-5.85958045427,0.639633069389
i,n,1003,7.02911949084,-3.5784377204
i,n,1004,-2.42581928344,2.04515194635
i,n,1005,5.76584565778,0.972225901476
i,n,1006,5.500362919,-1.94832403953
i,n,1007,-6.33128833585,-0.214327028419
i,n,1008,-5.86355776056,-0.511594530096
i,n,1009,5.77330931579,-1.37053256539
i,n,1010,-4.63120589396,0.470873755363
i,n,1011,5.14911618412,1.82984934639
i,n,1012,-7.28254357321,4.5514517385
i,n,1013,5.11752465835,-0.264314408525
i,n,1014,-4.31613076649,-0.919965641867
i,n,1015,-2.95633644157,-1.20191641548
i,n,1016,4.5330908014,-2.48785853079
i,n,1017,-6.26972702205,1.46653743984
i,n,1018,5.25189271567,1.24490189367
i,n,1019,-4.09222855572,0.549768101307
i,n,1020,6.4450563525,1.58833452332
i,n,1021,6.16766042202,-2.06195872094
i,n,1022,7.63975615421,-2.03225489147
i,n,1023,-5.17037374851,1.45959821869
i,n,1024,-3.71548145459,1.82928111285
i,n,1025,-5.50961942747,2.53570637989
i,n,1026,-2.95523201581,1.25145163888
i,n,1027,-5.43710530912,1.20366306062
i,n,1028,2.76339232451,-1.17990150326
i,n,1029,-4.39668680135,0.854306071735
i,n,1030,4.57006113871,0.819720802849
i,n,1031,5.3821924527,-0.84426951652
i,n,1032,-5.3429594044,-0.496446792526
i,n,1033,4.12232961431,0.193684198714
i,n,1034,5.88873724889,0.0950772085841
i,n,1035,4.57475839878,-3.90888637717
i,n,1036,4.87211344514,-2.69565041138
i,n,1037,5.23340429104,-3.80226997565
i,n,1038,-6.20331045199,2.46696652136
i,n,1039,7.71966685617,-1.65078847464
i,n,1040,6.00643672685,-0.985725459873
i,n,1041,4.25210453566,-2.44290349289
i,n,1042,-3.81164797202,0.313314518142
i,n,1043,3.66649015909,-0.201965212596
i,n,1044,-4.06609587031,0.319473579504
i,n,1045,-4.96446991925,1.44880081559
i,n,1046,5.67264103357,1.79184191501
i,n,1047,-4.37399730432,0.986180663171
i,n,1048,-6.05454159023,0.106780579419
i,n,1049,-8.25556003426,1.38296463274
i,n,1050,3.15915737642,-0.455222144118
i,n,1051,4.42045505608,-0.139878215474
i,n,1052,3.50672336881,-3.61597154232
i,n,1053,7.33034207891,0.154843958301
i,n,1054,-2.52038815724,1.13829756308
i,n,1055,-1.62292676586,-3.19298383012
i,n,1056,-3.86526335661,1.41834915712
i,n,1057,1.83414589934,1.09885205765
i,n,1058,-5.01166504649,-1.37227355314
i,n,1059,4.13858773921,-3.96208009829
i,n,1060,-4.50124955733,0.37206769729
i,n,1061,-6.04310196454,1.12942547244
i,n,1062,-7.78544476015,-1.14938652211
i,n,1063,0.228026995744,0.130262208416
i,n,1064,-7.04086193082,1.45821201485
i,n,1065,3.51719860025,-0.53756845773
i,n,1066,4.77322538382,-3.08289356136
i,n,1067,5.44168920253,-0.638175906734
i,n,1068,-7.17330437777,-1.13974969068
i,n,1069,-10.0141551081,1.83040365252
i,n,1070,4.10675128216,0.492613625537
i,n,1071,4.83039722917,0.85530391547
i,n,1072,-4.55859245204,1.92743756662
i,n,1073,-5.17878880848,1.05678136677
i,n,1074,3.54329962437,-3.11791479897
i,n,1075,-7.71204798835,0.487185871778
i,n,1076,3.57277044581,-3.2379482151
i,n,1077,-4.65099430982,-0.0456046314411
i,n,1078,5.62504745246,-0.0482268989512
i,n,1079,-6.69499493688,0.139599956288
i,n,1080,3.09962501537,0.793723192986
i,n,1081,-6.76762006462,1.0025205145
i,n,1082,6.23858971897,1.60840493438
i,n,1083,-6.32271354518,-0.498875054932
i,n,1084,-3.16306332578,-1.97373079653
i,n,1085,5.05293256392,-0.683610136329
i,n,1086,4.6677659128,-1.67667873775
i,n,1087,-3.54457632783,-1.64220711519
i,n,1088,-6.59759725286,0.542347309264
i,n,1089,2.26938282438,-0.575428902564
i,n,1090,-3.93484262834,1.67455783061
i,n,1091,-8.18377723797,1.02079256157
i,n,1092,-4.6762365468,-0.440823334681
i,n,1093,4.74905951411,-0.815176868134
i,n,1094,-3.39872224608,-2.3365124385
i,n,1095,-4.66542526912,1.71658157765
i,n,1096,6.07033591148,1.5130633821
i,n,1097,-6.30806310125,0.0881787698896
i,n,1098,-6.70371362669,1.54095051449
i,n,1099,6.73867244401,-3.43451845951
i,n,1100,2.0229588007,-2.49867304803
i,n,1101,-5.51750842594,-3.0885586211
i,n,1102,5.15055717525,-3.95128113473
i,n,1103,3.36667832285,-1.37178534648
i,n,1104,-4.66075527616,2.26850487263
i,n,1105,2.43386775142,-1.43434606365
i,n,1106,-3.05901689936,2.20298358176
i,n,1107,-0.0178029695497,0.473896287008
i,n,1108,-4.52567291885,2.67952140889
i,n,1109,7.51395050398,-0.633004514309
i,n,1110,-5.38083807072,3.79355045996
i,n,1111,-1.29600901029,3.18186909882
i,n,1112,5.91632147732,-2.24817386209
i,n,1113,5.27195663327,-0.168739825632
i,n,1114,-3.09254751933,3.01827418473
i,n,1115,-7.16272128393,1.25443363184
i,n,1116,5.16357006567,0.326596958679
i,n,1117,-6.02638453877,1.64447107732
i,n,1118,5.40971149869,-3.53956997491
i,n,1119,-5.62655565618,1.2083028409
i,n,1120,-0.670916235846,2.65621465657
i,n,1121,8.91376994263,-1.19123528765
i,n,1122,7.43046829391,-0.311589105204
i,n,1123,3.57433162016,-3.04652436528
i,n,1124,5.0025574004,-2.73231646716
i,n,1125,6.06080617985,-1.5235923831
i,n,1126,2.45267486855,-0.845738403374
i,n,1127,-1.65989815616,-1.65200059346
i,n,1128,5.0234292933,-1.34326523744
i,n,1129,-3.64215314156,1.34893446937
i,n,1130,3.66409560778,-1.32335136924
i,n,1131,-5.90303277504,1.83039103218
i,n,1132,6.07780852768,-1.14893738049
i,n,1133,-3.51025356584,0.984103265855
i,n,1134,6.80444924937,-1.64157499157
i,n,1135,-3.65038582621,-0.405144130904
i,n,1136,-6.55931176963,5.78507730744
i,n,1137,-3.62820455616,1.41956445593
i,n,1138,-3.47100621825,0.468988075109
i,n,1139,-1.16801517019,0.50802586787
i,n,1140,3.83779967089,-1.44576323562
i,n,1141,-6.67640598523,1.30948620402
i,n,1142,-5.65277071815,-0.235024906496
i,n,1143,-8.30109979935,1.46151414619
i,n,1144,-5.68278149578,2.30449183731
i,n,1145,-3.4833657816,2.87132567192
i,n,1146,6.83327163486,0.252413788763
i,n,1147,-4.84185247034,4.60289342571
i,n,1148,9.11162083461,0.446677664261
i,n,1149,6.53270038776,3.01272719723
i,n,1150,-2.76851792986,-1.15144199867
i,n,1151,1.71759548566,-2.9034777359
i,n,1152,-5.15591994345,3.67356081254
i,n,1153,-2.7694246053,1.92845580602
i,n,1154,-4.11605585015,1.40835429426
i,n,1155,7.25685947325,-1.93855035854
i,n,1156,-3.81008357627,0.499725569071
i,n,1157,7.18257661635,2.39669487598
i,n,1158,-5.79045741573,2.46628931704
i,n,1159,3.43055638781,-0.342557013842
i,n,1160,7.62193008932,0.66275510031
i,n,1161,-3.80653290497,1.36304678792
i,n,1162,-2.9560787261,1.20958737466
i,n,1163,-4.69077494162,-0.338806247272
i,n,1164,4.53474300499,1.43224310514
i,n,1165,-5.63211402034,3.5954309597
i,n,1166,3.73606825459,0.335790564248
i,n,1167,6.20156962792,-1.68028814239
i,n,1168,6.63165746706,-2.31266842518
i,n,1169,-1.32281630487,1.24300944018
i,n,1170,3.55636222514,-1.32534534793
i,n,1171,-5.91726147046,-0.142644146473
i,n,1172,6.89098370969,0.551531168976
i,n,1173,-6.05768733792,3.38539884605
i,n,1174,9.27738518694,0.928702533373
i,n,1175,6.45733700512,-0.690989253735
i,n,1176,5.52565408656,-0.352182451287
i,n,1177,-4.32534443242,0.712208168264
i,n,1178,-0.531051782214,2.32354892191
i,n,1179,3.07761935113,-0.303213461193
i,n,1180,-5.23204730337,0.999937701827
i,n,1181,3.92389900387,1.95360453055
i,n,1182,5.66391763888,-1.1310260652
i,n,1183,7.68660155959,-0.337654188347
i,n,1184,-1.71916954652,3.78132528469
i,n,1185,4.96081282691,-0.320537301432
i,n,1186,1.73711502037,-0.463775334416
i,n,1187,-0.171334103725,1.39328117419
i,n,1188,-4.80004376369,-1.48036478425
i,n,1189,2.30444824889,-1.14795287962
i,n,1190,6.05084792182,-2.8372003917
i,n,1191,4.50850302421,0.975903605053
i,n,1192,4.55675486685,-0.394672786987
i,n,1193,6.1061396812,-0.95568209436
i,n,1194,-6.81431442835,-2.66836340564
i,n,1195,6.36188329971,-1.83250820923
i,n,1196,-3.38829383436,2.82188954215
i,n,1197,3.28453106375,-2.29385920463
i,n,1198,6.5261916219,-0.162694934301
i,n,1199,-2.0243873753,1.74536677317
i,n,1200,-4.00686226641,1.89940737309
i,n,1201,-5.47226617946,1.26097896946
i,n,1202,5.36769054557,-1.67690186139
i,n,1203,-3.04563522847,2.28080364334
i,n,1204,-4.92825780472,2.0077434619
i,n,1205,4.5074456048,-1.40666571338
i,n,1206,5.93153776822,-3.06518016925
i,n,1207,-4.25182873889,3.63400371461
i,n,1208,6.50684496869,-4.01566818325
i,n,1209,3.41696432471,-2.06083772494
i,n,1210,-5.50878848915,3.43798689297
i,n,1211,-6.74338827915,2.17085011024
i,n,1212,-5.32047768877,3.45351430722
i,n,1213,5.17205828567,-3.58369870845
i,n,1214,6.53786363431,-5.17255095538
i,n,1215,-4.50615407627,2.60979401794
i,n,1216,3.44087150112,-0.701338356544
i,n,1217,5.76929930812,-0.865732177023
i,n,1218,-1.70988899264,-2.42780502098
i,n,1219,3.50558764754,-2.58553115024
i,n,1220,4.41533912969,-2.73502510284
i,n,1221,3.70704884627,-0.837709345562
i,n,1222,4.78047513671,-0.750185102712
i,n,1223,-3.89214594587,5.34627046486
i,n,1224,2.26277814723,-2.08455846971
i,n,1225,7.86496229766,-6.056684304
i,n,1226,-3.75960115568,2.34798171269
i,n,1227,-7.18949375284,0.918297251367
i,n,1228,5.96982618081,-4.91795689584
i,n,1229,-5.82180835972,-0.0819938713742
i,n,1230,-5.33602076943,2.05002704814
i,n,1231,-4.00655724598,3.41268010251
i,n,1232,-6.52348079716,4.04417799938
i,n,1233,4.97071899223,-2.90753356928
i,n,1234,9.76394198361,-2.26620574806
i,n,1235,1.39663173522,-1.00643397188
i,n,1236,-5.89428010269,4.31695840413
i,n,1237,6.30981931154,0.441115509765
i,n,1238,7.00672526056,-0.618669362295
i,n,1239,-4.92552577236,-0.965548223797
i,n,1240,-5.19429503506,3.44069408912
i,n,1241,5.8340747665,-2.75405138619
i,n,1242,8.18576661771,-3.10043310882
i,n,1243,4.47272105851,-1.90856243339
i,n,1244,6.32008620075,-1.24582893182
i,n,1245,-3.0080829323,0.71763068404
i,n,1246,-1.39729454309,3.05173195048
i,n,1247,5.98184999032,-1.20214169899
i,n,1248,5.58147382979,-7.09463875278
i,n,1249,4.0584227633,-2.34170868411
i,n,1250,-4.71238373548,2.48305442971
i,n,1251,-4.76471096806,3.05564408366
i,n,1252,-1.81551940071,2.94747644637
i,n,1253,-3.55248914659,3.62219269247
i,n,1254,3.57880576307,-0.307372505847
i,n,1255,6.19082000939,-1.57091801523
i,n,1256,4.02594865904,-1.10004183733
i,n,1257,2.97602294575,-6.33572820056
i,n,1258,-3.2454151445,6.36693463239
i,n,1259,6.43450727188,-2.59007188075
i,n,1260,3.7117075946,-2.81404990403
i,n,1261,5.10236359891,1.06271553148
i,n,1262,6.62312031883,-4.77365566161
i,n,1263,2.86407368472,-1.37621318335
i,n,1264,3.57577715839,-4.54353289246
i,n,1265,-2.19069411043,-0.190952604059
i,n,1266,-1.50464322332,1.7473135213
i,n,1267,6.58281939808,-1.43476331679
i,n,1268,-5.95020449811,0.691895418246
i,n,1269,-7.54523994823,2.28194638536
i,n,1270,-3.51275944282,-0.647523497413
i,n,1271,-4.83946448397,-0.316644316552
i,n,1272,-8.77584694387,1.41176606944
i,n,1273,5.71985561107,-5.77533001642
i,n,1274,-4.24122638147,2.45763029213
i,n,1275,-4.30525023149,3.31636107536
i,n,1276,7.69675654144,-0.693369097862
i,n,1277,5.03787129517,-0.708566386872
i,n,1278,-1.93722059814,0.613583592924
i,n,1279,3.28628789135,0.879369483096
i,n,1280,4.59372465109,-3.05441394971
i,n,1281,2.88466864743,-0.736610047886
i,n,1282,4.46509833468,-2.90958659625
i,n,1283,6.5662664547,-1.24079202605
i,n,1284,5.93887019648,-3.71498280229
i,n,1285,2.75623813405,-2.46284685694
i,n,1286,3.79445160444,-2.07569666009
i,n,1287,-5.84047784726,4.18750010177
i,n,1288,-1.55952210443,4.15650420282
i,n,1289,3.13375873906,-0.961994092597
i,n,1290,6.7484455688,-3.46378969606
i,n,1291,-3.75274439704,1.0647752173
i,n,1292,5.8418092701,-0.260764897797
i,n,1293,7.57553162829,-3.59592907721
i,n,1294,5.97913570993,-1.70274412742
i,n,1295,-2.77479697544,2.44637016025
i,n,1296,5.77149970556,-4.72710389246
i,n,1297,-0.665641166269,0.454947626039
i,n,1298,-0.691634836876,-2.35067403622
i,n,1299,-5.00380900056,2.3510731666
i,n,1300,-3.63901760657,1.69771061824
i,n,1301,4.45055090748,-3.29288726871
i,n,1302,3.01580345445,-2.23640350416
i,n,1303,2.42053091355,-2.79399338322
i,n,1304,6.01969337087,-1.92810761789
i,n,1305,-5.83075319035,3.04037525693
i,n,1306,-2.07562190289,2.79192398868
i,n,1307,2.46238810472,-3.06350932382
i,n,1308,-5.23480011174,3.64659763323
i,n,1309,-4.7621528455,1.45697311645
i,n,1310,-2.84924306648,1.50373859339
i,n,1311,-6.07480642085,2.86360294485
i,n,1312,6.08527111272,1.0405916142
i,n,1313,6.22723941779,-3.47068100456
i,n,1314,-0.316844854591,2.90219564582
i,n,1315,-6.51014574872,2.61951822338
i,n,1316,3.17631667983,-2.02826137707
i,n,1317,1.97065455288,-2.93548999836
i,n,1318,4.11557201913,-1.9607128228
i,n,1319,-7.56433066938,2.33096232628
i,n,1320,6.66875848328,-4.60399930424
i,n,1321,6.02810629884,-2.46014778718
i,n,1322,0.115488657768,0.551510866297
i,n,1323,-6.88330748518,2.26353367534
i,n,1324,6.69668852413,-0.0521713795169
i,n,1325,-4.97540992168,0.758039149507
i,n,1326,1.96969582723,-1.81303945351
i,n,1327,-3.85671197321,3.62199594517
i,n,1328,5.19471227499,-5.0865476795
i,n,1329,-4.80853307612,2.39592125265
i,n,1330,-0.45464053918,-3.09216627111
i,n,1331,4.32359493405,-0.383233185326
i,n,1332,4.76288378003,-2.05196012541
i,n,1333,-2.54546801585,1.7202885759
i,n,1334,-4.8064923778,0.195313299288
i,n,1335,-1.40132639955,0.349460642109
i,n,1336,6.2349324347,-2.59014418937
i,n,1337,5.53065860062,0.35422653045
i,n,1338,-5.09747629713,2.07850112666
i,n,1339,-5.03694492182,2.48037775539
i,n,1340,-5.57317043264,1.46726629365
i,n,1341,-8.11533945312,2.2003436618
i,n,1342,-6.18649126335,-0.539984614735
i,n,1343,-3.20600006213,0.238192712418
i,n,1344,7.70890985083,-7.53535716854
i,n,1345,-7.39672688795,1.60807678666
i,n,1346,-5.83115708497,2.13296498496
i,n,1347,-6.09730905091,1.53122404029
i,n,1348,-6.13192211068,-1.52211223757
i,n,1349,-5.4052294349,2.70683621709
i,n,1350,-2.00261542286,3.40228603109
i,n,1351,4.54853203735,-1.67093331347
i,n,1352,-8.33790933101,2.92114271882
i,n,1353,-4.27301302606,-0.995718203717
i,n,1354,3.45588264747,-1.48824984164
i,n,1355,5.15100377217,-2.76524189537
i,n,1356,-5.07470671445,-1.17825868989
i,n,1357,-3.03027009177,3.83249902283
i,n,1358,2.70225264649,-3.14638894346
i,n,1359,5.14948911209,-0.355632390825
i,n,1360,-6.00834139158,4.05182715684
i,n,1361,-6.72760794044,3.35165291475
i,n,1362,4.4268994115,-3.50595659684
i,n,1363,3.16438265188,-5.20789391216
i,n,1364,4.54163863884,-1.36197612829
i,n,1365,4.16369608157,-5.8098631504
i,n,1366,-5.09100279703,0.68671519363
i,n,1367,5.23533643871,-2.99213983946
i,n,1368,-7.6785976697,0.412227721477
i,n,1369,-5.54015898072,4.17471394084
i,n,1370,-7.61507741279,1.95364238096
i,n,1371,5.49387225513,-3.68178904599
i,n,1372,4.6092722438,-3.88427768474
i,n,1373,-7.08687653043,1.55316571578
i,n,1374,6.66454690566,0.749235611206
i,n,1375,7.83564258614,-2.87324989206
i,n,1376,4.401254385,-2.19856525874
i,n,1377,-5.464440056,3.20874454442
i,n,1378,-3.81090634387,0.919603053593
i,n,1379,1.21503776164,-2.14996398366
i,n,1380,-5.13511700855,-0.28077646624
i,n,1381,4.87646438326,-4.55287397282
i,n,1382,7.16977294746,-3.26097987832
i,n,1383,-6.19069656734,1.44708948316
i,n,1384,-6.27788374876,1.20739319431
i,n,1385,-6.98592605162,1.14738351746
i,n,1386,3.3812182933,-2.59106038135
i,n,1387,-4.22747455218,2.56386547707
i,n,1388,-5.05678028736,0.893354459375
i,n,1389,3.29700804734,-2.58944631702
i,n,1390,4.53848243312,-3.39048272021
i,n,1391,-4.42115866594,-0.373848210102
i,n,1392,-6.71724133517,1.13789059832
i,n,1393,-6.72683802345,1.85191130605
i,n,1394,-2.75068228882,3.80185491381
i,n,1395,-4.61345895149,0.679636258842
i,n,1396,5.5873026604,-3.70028612536
i,n,1397,-4.04978402535,2.95926352487
i,n,1398,-4.23543958243,2.3534836996
i,n,1399,-3.96078538132,2.56211025547
i,n,1400,-5.40383205567,3.95465403507
i,n,1401,6.04892972366,-4.54658284152
i,n,1402,-5.14291888456,3.57854788009
i,n,1403,8.19212161074,-7.38415825295
i,n,1404,7.61976237057,-4.08786534466
i,n,1405,-4.42347712662,3.46460705176
i,n,1406,-4.58252134273,5.60278724504
i,n,1407,-2.14186199942,3.10239962968
i,n,1408,3.0566054245,-4.99291282251
i,n,1409,4.28349539846,-4.08825245717
i,n,1410,-2.92783512146,1.97216792067
i,n,1411,-5.19401721245,0.180610097061
i,n,1412,3.59489357935,-3.01011926448
i,n,1413,8.36829739675,-0.948169024803
i,n,1414,4.89970909248,-0.127069233615
i,n,1415,-4.23725264966,2.70211416391
i,n,1416,3.13169511889,-5.24623388229
i,n,1417,-4.68863319539,1.84293180951
i,n,1418,5.74611592509,-3.26914711614
i,n,1419,-4.25983009478,3.073315067
i,n,1420,6.91531860198,-2.71605661823
i,n,1421,3.90772566812,0.547030559626
i,n,1422,2.08390572193,-0.915673570745
i,n,1423,4.90642901685,-4.1884781469
i,n,1424,3.33506704997,-1.13305566915
i,n,1425,-3.71222855035,3.24144275063
i,n,1426,1.83934166059,-2.02696785483
i,n,1427,2.43694390214,-1.59256070194
i,n,1428,5.45717889148,-3.11825149574
i,n,1429,-2.76471762833,6.81812525128
i,n,1430,0.105926693762,3.49561971783
i,n,1431,-3.48228311394,0.247205506011
i,n,1432,-4.09651385736,4.96226508098
i,n,1433,5.79400918111,-3.7334242845
i,n,1434,4.81682991833,-4.92448906951
i,n,1435,3.70330018446,-3.77210662164
i,n,1436,-2.69467854143,2.97528241832
i,n,1437,-6.014112171,1.65204611335
i,n,1438,5.60572798439,-2.15590881491
i,n,1439,-4.36279340603,6.35332435053
i,n,1440,8.25856807589,-5.02052323355
i,n,1441,6.77581430847,-0.855350636973
i,n,1442,5.92491459406,-2.78976963667
i,n,1443,7.28619097515,-0.978031396511
i,n,1444,-5.94695286714,5.64142576529
i,n,1445,-4.14903111268,3.01361485772
i,n,1446,-2.62667283138,1.59104291289
i,n,1447,4.95279083108,-5.17483357186
i,n,1448,-7.35548075773,1.71843613592
i,n,1449,-6.34648838367,3.71094238848
i,n,1450,-4.42729289135,3.11632147101
i,n,1451,5.93227156305,-4.60512329958
i,n,1452,2.23176594932,-2.63185890272
i,n,1453,-4.08062473643,-0.327049440227
i,n,1454,5.12198713959,-2.37874319699
i,n,1455,-6.14430994946,3.64952095856
i,n,1456,-5.88468522812,3.40463454593
i,n,1457,4.00307780454,-3.08397633445
i,n,1458,-4.37207865389,5.2657608524
i,n,1459,-5.85475141156,2.20314468177
i,n,1460,-3.98725170871,2.7243611452
i,n,1461,-4.89871700217,4.18931396889
i,n,1462,3.35000728372,-3.55967911277
i,n,1463,1.89979254167,-3.52736526304
i,n,1464,-4.54637826544,1.93366302126
i,n,1465,4.62675288876,-5.35254901928
i,n,1466,-6.75636411815,2.31854334111
i,n,1467,-5.12224972862,0.34700234398
i,n,1468,-5.37087668874,3.03300389885
i,n,1469,6.51864174902,-4.16674414036
i,n,1470,4.15166501698,-1.91691772517
i,n,1471,7.95402410778,-5.86527897629
i,n,1472,-5.57946566898,2.71925797268
i,n,1473,5.76760040583,-1.47254577749
i,n,1474,2.46758658428,-3.74227491958
i,n,1475,-3.06056834357,3.17886231986
i,n,1476,6.60570473397,-0.703477492626
i,n,1477,3.02018405551,-3.00883923823
i,n,1478,-5.6428720841,4.04571551658
i,n,1479,5.12709084344,-1.85599884851
i,n,1480,-4.32963931794,1.33892515326
i,n,1481,-5.61475725462,-0.644671914968
i,n,1482,4.73001599933,-2.55110931493
i,n,1483,3.37793890766,-4.15841677894
i,n,1484,-4.99263826546,3.18138859965
i,n,1485,-5.0297908544,2.46831374398
i,n,1486,-7.58807707395,-0.489632788767
i,n,1487,-6.10069232395,1.69519987771
i,n,1488,4.1460512863,-2.12990078184
i,n,1489,-6.63134423886,2.94284120814
i,n,1490,-5.32186244857,6.13629896854
i,n,1491,-3.61710072648,2.08790862708
i,n,1492,-3.24277153794,3.63429227541
i,n,1493,6.47117091433,-3.8011872701
i,n,1494,-3.32004119602,2.001380636
i,n,1495,-6.20576740346,4.74880118279
i,n,1496,-4.49273704994,2.50203801218
i,n,1497,-7.52055381477,1.03452718362
i,n,1498,5.7968619129,-5.05991208193
i,n,1499,-2.13854437791,3.39033599709
i,n,1500,5.08728681006,-2.21601718206
i,n,1501,4.96764572742,-4.56380547887
i,n,1502,-6.63290998439,1.76073499258
i,n,1503,-4.49699189155,2.39493235139
i,n,1504,-4.82701732146,4.53596900283
i,n,1505,-2.34553417535,3.95615671427
i,n,1506,6.41428376235,0.941670189471
i,n,1507,1.90984471542,-3.13546484697
i,n,1508,6.86458673087,-3.95374814252
i,n,1509,-6.76978265295,0.395208916865
i,n,1510,-0.62829837194,3.65028689403
i,n,1511,5.78790795638,-3.67247680123
i,n,1512,-3.97949097428,3.13387291706
i,n,1513,6.35915994315,-4.31326795466
i,n,1514,6.72440590657,-2.34293011741
i,n,1515,5.30064679099,-1.38044252736
i,n,1516,2.9113087205,-1.86118389641
i,n,1517,3.17988345051,-3.58749351484
i,n,1518,-3.47484859174,6.80539455645
i,n,1519,-5.52642174446,5.96064875727
i,n,1520,-5.89561062349,3.72865462397
i,n,1521,4.15670124637,-1.71434928481
i,n,1522,-3.84747526678,4.83161289614
i,n,1523,-4.21741116229,3.35477328853
i,n,1524,-6.56310709328,3.26730614566
i,n,1525,6.53910570223,-4.07577782026
i,n,1526,2.59396932717,-5.59776641437
i,n,1527,2.45645057197,-3.2978263545
i,n,1528,3.72916403218,-2.58543433481
i,n,1529,-8.10103900911,3.02111437808
i,n,1530,3.11456542562,-3.73276196399
i,n,1531,-7.02204619642,3.19195478192
i,n,1532,-7.86473222119,3.41110695467
i,n,1533,3.70896463144,-5.48260036519
i,n,1534,6.74074977149,-3.71685554994
i,n,1535,5.12796844742,-1.65690923396
i,n,1536,7.60350496435,0.653403816298
i,n,1537,-8.94912469526,5.27762782096
i,n,1538,-5.44222878966,3.3636381578
i,n,1539,-6.69907102237,5.09865058969
i,n,1540,2.36397963405,-0.397955266911
i,n,1541,7.52641639291,-3.20913268413
i,n,1542,-5.86744214599,3.41595729949
i,n,1543,-6.75225311546,-0.24468095254
i,n,1544,5.62444462131,-2.63930959992
i,n,1545,-7.70787486693,3.89968621451
i,n,1546,1.44909724648,-4.09876777861
i,n,1547,-5.21878387543,3.68697523502
i,n,1548,6.93505383731,-3.45824048946
i,n,1549,5.85322550073,-3.86606757406
i,n,1550,4.60352217926,-6.34308739375
i,n,1551,0.975607835703,-1.88594344996
i,n,1552,-4.70505450088,3.26091766197
i,n,1553,7.54274560548,-0.97246389918
i,n,1554,-4.84248190029,4.2508490227
i,n,1555,4.02734469533,-1.99328577517
i,n,1556,4.38143033415,-2.90358674826
i,n,1557,-4.79331267782,3.7910258116
i,n,1558,-4.7209728159,0.192507797084
i,n,1559,-7.24561992895,3.52700200469
i,n,1560,1.9803798791,-3.74287944562
i,n,1561,5.43544786657,-1.71002035236
i,n,1562,-5.89374024906,1.74052208893
i,n,1563,-9.44297475712,5.88330480896
i,n,1564,5.57619778718,-5.94801844258
i,n,1565,-6.360988866,1.61754294704
i,n,1566,-5.87121036809,2.88534653694
i,n,1567,-2.89083071038,3.3039099337
i,n,1568,-8.51562588526,3.16452419979
i,n,1569,-5.02123149223,3.68534552161
i,n,1570,5.83121288953,-4.7297534309
i,n,1571,-4.54985706937,1.16176568296
i,n,1572,-3.36392550676,3.09899760386
i,n,1573,4.80456424678,-3.12845794432
i,n,1574,4.84882648953,-4.84347542794
i,n,1575,4.95324162047,-3.83898142662
i,n,1576,-7.0301026195,1.75907814382
i,n,1577,-5.17614841503,-0.823624029912
i,n,1578,4.69284604741,-0.956077175125
i,n,1579,-1.98586943152,4.95789571778
i,n,1580,4.18926964595,-2.15585053297
i,n,1581,6.27226996433,-4.19883717928
i,n,1582,-2.71379445019,3.79145562675
i,n,1583,-3.80977002367,4.68564079291
i,n,1584,6.00727715119,-5.6350899001
i,n,1585,-5.90025011398,3.17398990265
i,n,1586,-3.05508068134,3.09991336631
i,n,1587,6.06921672112,-2.5948878812
i,n,1588,-5.41013272751,1.20317814326
i,n,1589,6.36452621631,-6.65499125011
i,n,1590,5.47203180747,-4.20836490558
i,n,1591,1.32442024993,-4.41888574794
i,n,1592,4.48488693733,-4.19705474094
i,n,1593,3.2221443189,-5.41327504824
i,n,1594,2.46731244721,-4.08866224732
i,n,1595,-3.9116315324,3.91895804792
i,n,1596,-5.13199712009,3.54799124708
i,n,1597,4.43146255896,-1.45374639095
i,n,1598,4.02129031284,-2.29457443557
i,n,1599,-6.95228607076,2.83548556061
i,n,1600,4.28302669565,-2.08767826791
i,n,1601,-5.01718042338,4.06043653259
i,n,1602,6.50903311441,-4.41543986266
i,n,1603,3.57362733751,-1.35225791695
i,n,1604,5.30265706004,-3.65362289961
i,n,1605,3.36221143968,0.795898592586
i,n,1606,-1.45845383748,7.13361869412
i,n,1607,3.24174620232,-1.54505642517
i,n,1608,5.21048470379,-3.04226195395
i,n,1609,-3.44094299893,2.05514137247
i,n,1610,-5.04655945127,2.85217174417
i,n,1611,4.36639623742,-6.51947892138
i,n,1612,5.79312714586,-3.06196390398
i,n,1613,7.6799230466,-6.14349523496
i,n,1614,4.33626007967,-4.14252423441
i,n,1615,-4.02287214692,4.95515272075
i,n,1616,6.35465894755,-6.26663723118
i,n,1617,4.44199522821,-4.39209205191
i,n,1618,5.75782713141,-4.92929059018
i,n,1619,-4.3517773626,2.40927727158
i,n,1620,5.23200334467,-6.39320009485
i,n,1621,-4.31511659723,4.33804186879
i,n,1622,3.62418865263,-4.13017436412
i,n,1623,5.16859716481,-3.49362300125
i,n,1624,-4.30875272137,2.32793618768
i,n,1625,3.41009314788,-6.26355718692
i,n,1626,-5.79927078554,1.04573746758
i,n,1627,7.77757536911,-5.91005029614
i,n,1628,7.01451333499,-5.02798915991
i,n,1629,3.74766206238,-2.45369352447
i,n,1630,5.62726722056,-5.01312075534
i,n,1631,7.83901518602,-4.1138566036
i,n,1632,5.24967316268,-4.24902067889
i,n,1633,-6.73548286082,2.94392429092
i,n,1634,-4.61978328017,5.99434045872
i,n,1635,-5.1404977155,3.84763439246
i,n,1636,-2.31048371292,1.72669463003
i,n,1637,3.80554595974,-2.07956816356
i,n,1638,-4.08679044382,4.05552675396
i,n,1639,4.66175025682,-6.24074879791
i,n,1640,-4.57883211979,7.17060604805
i,n,1641,-4.2058718952,3.19312692727
i,n,1642,3.7829651261,-4.21448554443
i,n,1643,-10.3663418194,5.9017665854
i,n,1644,-3.18215845911,6.09320493469
i,n,1645,4.73005029405,-4.52950539864
i,n,1646,-3.27362195616,3.78430400299
i,n,1647,7.72072284699,-7.17802173739
i,n,1648,-4.92157129374,3.6095639646
i,n,1649,-3.74167756157,3.01524041621
i,n,1650,3.29693646423,-5.52688405633
i,n,1651,-2.4259398192,5.79415934883
i,n,1652,-4.55690669045,0.387784643932
i,n,1653,-4.96773437685,3.78983516115
i,n,1654,6.6612277936,-4.47982310709
i,n,1655,-6.7806966428,5.84158876083
i,n,1656,-5.81261572777,4.18147287138
i,n,1657,-5.92921210138,7.91342955237
i,n,1658,-5.33257523073,4.2012564464
i,n,1659,4.25533557744,-4.37214905283
i,n,1660,-3.33752359422,3.34414395699
i,n,1661,-5.41540568501,4.07526091113
i,n,1662,-4.83710163291,4.00347891704
i,n,1663,-4.57670453132,6.43142229739
i,n,1664,3.07351326045,-0.716502033591
i,n,1665,-3.04696196121,3.31346934249
i,n,1666,-6.17720724454,4.80390458347
i,n,1667,-6.26853376586,2.38258357184
i,n,1668,2.49459252456,-0.840162465345
i,n,1669,3.69316517586,-6.73720348909
i,n,1670,3.60781120202,-4.87713954053
i,n,1671,-4.1101055898,3.41843689069
i,n,1672,6.53735541254,-3.97581027336
i,n,1673,3.25736250904,-3.8835729178
i,n,1674,-6.22946900212,2.57689718273
i,n,1675,-5.00636914936,-0.64664554929
i,n,1676,-6.14611588501,2.530517602
i,n,1677,-3.36857827113,4.85271496993
i,n,1678,4.34936113068,-1.13380567857
i,n,1679,-3.74596564719,4.51264708622
i,n,1680,4.3815901444,-5.19431358039
i,n,1681,6.70136141244,-4.90514731989
i,n,1682,-5.63162807081,1.1946993968
i,n,1683,-3.98613554264,5.26058983246
i,n,1684,-4.33643110337,1.33326011508
i,n,1685,-6.16590732664,1.29271656181
i,n,1686,-4.57946515293,3.87892099708
i,n,1687,5.80372793534,-5.42449572742
i,n,1688,-4.7173128865,2.9233632763
i,n,1689,5.52538223928,-3.56940832055
i,n,1690,-3.95100036222,2.24847190009
i,n,1691,-4.69934074212,7.37695558876
i,n,1692,-6.75603568968,2.42473790627
i,n,1693,-4.90947825497,1.45314635445
i,n,1694,5.38846625494,-3.77112917693
i,n,1695,-7.06014790941,5.3929124528
i,n,1696,-2.88002729856,3.05709863635
i,n,1697,5.51734628354,-2.55789919922
i,n,1698,6.57307206661,-4.27403881172
i,n,1699,-4.2640537325,2.81634645855
i,n,1700,4.91949879718,-3.22487798376
i,n,1701,4.95453191929,-2.21991185848
i,n,1702,0.26245780711,-2.11049885398
i,n,1703,5.23748280631,-2.35797595176
i,n,1704,-4.68569397612,0.461554033918
i,n,1705,5.33687443793,-5.88678529859
i,n,1706,-4.2339545089,4.07100718525
i,n,1707,5.46897827947,-3.24727698134
i,n,1708,-5.31738087126,4.11548632752
i,n,1709,7.60081063522,-5.2093229437
i,n,1710,-7.85250347167,5.71773432077
i,n,1711,-5.76023933976,1.54323944447
i,n,1712,-5.76961591895,-2.97720121538
i,n,1713,1.24646440264,-7.9652388017
i,n,1714,-4.67889810398,5.63227829375
i,n,1715,2.02518646175,-5.43782622587
i,n,1716,3.50707719619,-4.54092466703
i,n,1717,4.94768177094,-5.8294391924
i,n,1718,-4.45540168338,3.31657617743
i,n,1719,-6.89229800108,2.16977722789
i,n,1720,3.03239963589,-3.55308288923
i,n,1721,-7.80990985172,4.3069812191
i,n,1722,-2.66490941206,3.75994191722
i,n,1723,5.08633532498,-7.8679107423
i,n,1724,0.731980551293,-3.65264361498
i,n,1725,6.93564411399,-3.84259276437
i,n,1726,-5.25753231264,6.98479458929
i,n,1727,6.30131006343,-5.5224590134
i,n,1728,4.301218875,-3.97085138023
i,n,1729,5.6811301193,-1.28239988941
i,n,1730,4.93489109858,-4.22140646846
i,n,1731,7.64665700325,-2.50320113153
i,n,1732,4.4727188023,-2.92247369271
i,n,1733,-4.74660775707,3.97932252965
i,n,1734,-5.8018906089,2.59292056812
i,n,1735,6.17266600159,-5.70096803965
i,n,1736,-5.62613227049,4.05393981278
i,n,1737,-5.17274093834,7.26629653128
i,n,1738,-6.04957155456,4.10391006867
i,n,1739,-6.00199020319,2.60374812724
i,n,1740,7.51410057677,-2.10842218666
i,n,1741,-5.08125927829,2.29408680222
i,n,1742,3.04059220145,-5.12590708532
i,n,1743,-3.54822095099,4.07389505285
i,n,1744,6.35402212328,-1.90598933423
i,n,1745,-3.8983249258,5.21474636949
i,n,1746,7.57895939057,-2.37614393479
i,n,1747,9.52679954917,-3.15141375283
i,n,1748,-3.42311094407,5.73309127091
i,n,1749,5.13594497246,-2.98758721059
i,n,1750,-3.93533312094,1.50384783073
i,n,1751,4.54189811354,-4.72484720926
i,n,1752,-3.56429577301,3.31632770071
i,n,1753,1.51502289557,-4.77920899896
i,n,1754,5.25429850326,-6.54156873092
i,n,1755,-8.38731098523,3.14444468572
i,n,1756,-2.94331652913,1.46127999067
i,n,1757,-5.42695108313,3.42478147256
i,n,1758,-4.44928850309,-0.276627000414
i,n,1759,-0.985112791644,2.12197910908
i,n,1760,4.00684213032,-1.33559641564
i,n,1761,-4.98343660604,6.04800915091
i,n,1762,6.20101780232,-3.37946408648
i,n,1763,4.00254757019,-1.8100067918
i,n,1764,4.23004770277,-2.98186086078
i,n,1765,-6.68253971681,2.41564883917
i,n,1766,-1.57046615993,4.40883510489
i,n,1767,6.17993338047,-4.91299379206
i,n,1768,6.64878929499,-6.74955945721
i,n,1769,-4.22012646451,3.18868492298
i,n,1770,-5.26306529996,5.11019506885
i,n,1771,7.13983297573,-1.70374059281
i,n,1772,-4.40675108245,5.23011484028
i,n,1773,-6.97882056595,1.45912031074
i,n,1774,-3.81868959464,4.37697611327
i,n,1775,3.5188167365,-4.47644327223
i,n,1776,6.81914343298,-3.38122813544
i,n,1777,1.78183063879,-2.95731180043
i,n,1778,1.90214494643,-4.15780104889
i,n,1779,5.19802052493,-3.28187136709
i,n,1780,3.01508401953,-1.07353939476
i,n,1781,-7.37140172701,0.875301500921
i,n,1782,6.35152611095,-5.54470783906
i,n,1783,-3.86983656312,1.69720066916
i,n,1784,-5.68509071437,2.80337329825
i,n,1785,6.04057275335,-2.23071347607
i,n,1786,5.11825651029,-2.19804715361
i,n,1787,1.92583972236,-6.22846037352
i,n,1788,7.66699663225,-0.620932335581
i,n,1789,4.85303784154,-1.16693242711
i,n,1790,-4.92210895653,3.87054012553
i,n,1791,2.31542115004,-5.94908610733
i,n,1792,-4.76949299281,3.55140769337
i,n,1793,5.28026304185,-5.15840476407
i,n,1794,5.57328439016,-2.36940565599
i,n,1795,-5.827442078,1.26219117011
i,n,1796,4.78729292969,-2.64422448926
i,n,1797,3.44805197047,-4.77238763323
i,n,1798,-8.26312442203,3.51240221738
i,n,1799,-5.88050057174,4.65624819989
i,n,1800,-8.04096133591,-1.11633433835
i,n,1801,6.12943990696,-5.70869525098
i,n,1802,7.22642888575,-2.96336359971
i,n,1803,8.2948507778,-4.01202370634
i,n,1804,4.49136513715,-5.00924186608
i,n,1805,4.42004566848,-3.72262172743
i,n,1806,-5.24821626935,5.13917722453
i,n,1807,-8.30441535298,5.05295308198
i,n,1808,2.67521204107,-3.36706351283
i,n,1809,-3.92262605943,5.13650307904
i,n,1810,-5.37151704839,6.18655341878
i,n,1811,-7.20264079226,5.84104003307
i,n,1812,-4.5452699868,2.78755795783
i,n,1813,-5.37270467924,2.13160008578
i,n,1814,4.0798440143,-7.25663035715
i,n,1815,1.42271865825,-3.82845911833
i,n,1816,-6.9912803778,3.47233556973
i,n,1817,-5.65917697635,6.60955905983
i,n,1818,5.41058301772,-5.46279724337
i,n,1819,3.97252052438,-6.40153914079
i,n,1820,-8.02678302467,3.5549358187
i,n,1821,4.57602762642,-7.47701888779
i,n,1822,-2.39314914479,4.17310444069
i,n,1823,9.61769203152,-4.86494048098
i,n,1824,-2.72126676286,5.73822199079
i,n,1825,-5.38429871237,3.84788898272
i,n,1826,-5.32284870957,5.12251093379
i,n,1827,3.60840412191,-4.79510863164
i,n,1828,7.10526441181,-7.0001690722
i,n,1829,3.52084102821,-6.19839071795
i,n,1830,3.73015734671,-4.09112359895
i,n,1831,-4.94862672897,6.86416668084
i,n,1832,-5.9254965683,1.61623176156
i,n,1833,-4.18805422748,7.05761984042
i,n,1834,5.40095640703,-3.40898156819
i,n,1835,5.8419023128,-6.55492058815
i,n,1836,-3.63762535132,4.0374442093
i,n,1837,6.78691869744,-3.95669291691
i,n,1838,5.02409119861,-2.50261128624
i,n,1839,-8.20244049809,4.93019618602
i,n,1840,-7.14828914933,7.45729307785
i,n,1841,2.42209130146,-7.11731630965
i,n,1842,-6.32780322031,2.71493226374
i,n,1843,7.00476585908,-6.98032414942
i,n,1844,-3.58790961229,5.68020716278
i,n,1845,5.47008693072,-5.14836502425
i,n,1846,-4.97163515015,5.28565961827
i,n,1847,2.06807166528,-2.91508540685
i,n,1848,4.79952438707,-6.31478378462
i,n,1849,3.24588324779,-4.00327518247
i,n,1850,2.04120873468,-2.56706122895
i,n,1851,-4.50485489722,4.05992979663
i,n,1852,-5.3436400402,4.40248186265
i,n,1853,2.80695123856,-6.9051949278
i,n,1854,6.98545044323,-7.91029393525
i,n,1855,-4.45430775656,5.51762470836
i,n,1856,-4.84395106788,9.06249024123
i,n,1857,3.86808186827,-2.67991642171
i,n,1858,-5.90269418369,7.73627208111
i,n,1859,-3.38825958474,5.8050974929
i,n,1860,4.28934497738,-2.76368738728
i,n,1861,4.73567566556,-5.09269771611
i,n,1862,-6.70523700121,6.96087939342
i,n,1863,-3.26023335191,4.10344207944
i,n,1864,-5.64052348512,5.20309295296
i,n,1865,4.13807281714,-5.73805567386
i,n,1866,-5.31700531081,3.24724212497
i,n,1867,7.06847027661,-6.01098589004
i,n,1868,-6.47157557605,4.93438380689
i,n,1869,5.32077564478,-3.24574319938
i,n,1870,4.97335777182,-8.03042068208
i,n,1871,-3.22823641845,5.34038566118
i,n,1872,5.49484711319,-4.84897872196
i,n,1873,-4.88489884522,3.74193244093
i,n,1874,4.94914659007,-4.25747281805
i,n,1875,-2.71938287771,6.48473713169
i,n,1876,3.90704313735,-5.87157252425
i,n,1877,8.08105761751,-6.13830054028
i,n,1878,-5.71176550874,3.71120025314
i,n,1879,3.42236305192,-6.31429844296
i,n,1880,4.01344388427,-4.15977898104
i,n,1881,-2.73163207471,4.50800612408
i,n,1882,4.54430834332,-2.68221677492
i,n,1883,-4.29079824357,4.36826729892
i,n,1884,-4.46281981764,4.14773293726
i,n,1885,-4.55115644133,5.24561228128
i,n,1886,-3.35974996452,5.66124637949
i,n,1887,-4.29159097204,6.67373413293
i,n,1888,-2.73709565875,4.14121572544
i,n,1889,-5.01237745389,4.81405818739
i,n,1890,4.86984481927,-3.75552838469
i,n,1891,-8.45245201757,4.94326262217
i,n,1892,-2.81601180804,6.1772407796
i,n,1893,-3.09697131847,6.35170249534
i,n,1894,1.70405624663,-4.75541032921
i,n,1895,4.4161765127,-5.74398637139
i,n,1896,-3.45467991063,3.98481177381
i,n,1897,-2.56253190809,5.03942557391
i,n,1898,3.44793307564,-1.31440884767
i,n,1899,-5.12900112856,5.42363235392
i,n,1900,-5.93109176622,7.41165449769
i,n,1901,5.05325357807,-7.01422150098
i,n,1902,-4.32368397507,5.40203613181
i,n,1903,3.98997187088,-6.54386325315
i,n,1904,5.44096957244,-5.77842997587
i,n,1905,-7.89117556987,3.8723995971
i,n,1906,6.45448231306,-4.93471627787
i,n,1907,4.85653288531,-4.56702822265
i,n,1908,6.64379627134,-7.56950516689
i,n,1909,-5.79651854875,4.1472996099
i,n,1910,-4.56735842508,5.96140878671
i,n,1911,-4.38181497109,6.76191078406
i,n,1912,3.28514666923,-6.60020988236
i,n,1913,5.69766955177,-8.36035509196
i,n,1914,4.77957920668,-4.78803455019
i,n,1915,-4.35860423042,4.26542037438
i,n,1916,4.76680441485,-7.01218067759
i,n,1917,-4.82127685817,2.36158295757
i,n,1918,-5.66057473209,4.62307166401
i,n,1919,-4.27172251322,7.17726189045
i,n,1920,-8.42691204282,4.78263172277
i,n,1921,4.5949511274,-5.01347934132
i,n,1922,-4.26529679008,6.10025896851
i,n,1923,6.57154561258,-4.7512849439
i,n,1924,4.94125266938,-7.02866830103
i,n,1925,-1.72127687796,4.20772986496
i,n,1926,6.0131206675,-2.27575740168
i,n,1927,6.11520049696,-1.66257828945
i,n,1928,3.52741202958,-2.77464508787
i,n,1929,-3.30690514501,6.21064681667
i,n,1930,5.54910152592,-2.65642410083
i,n,1931,4.77230881408,-8.53620076251
i,n,1932,5.82347226378,-4.49345642475
i,n,1933,3.59154708756,-4.07275822072
i,n,1934,3.98731290144,-5.65309480305
i,n,1935,-1.56801109922,5.42368748756
i,n,1936,9.65082712009,-2.20149308457
i,n,1937,5.49084113396,-5.22592664491
i,n,1938,6.98616916331,-2.14118923336
i,n,1939,-4.22420300923,4.93417944835
i,n,1940,2.94883767338,-5.063946283
i,n,1941,5.54643190439,-4.77632544363
i,n,1942,-5.58929596678,6.03830416743
i,n,1943,-5.72891964911,5.04522200626
i,n,1944,7.42528793793,-5.40945515865
i,n,1945,3.64415094522,-2.53396804889
i,n,1946,7.31983669543,-7.79522377683
i,n,1947,1.70032229726,-5.74043152125
i,n,1948,-5.11029096113,5.86839127902
i,n,1949,-6.11374465817,3.56274011275
i,n,1950,7.11304328767,-4.90259021544
i,n,1951,3.20137653831,-7.69885301671
i,n,1952,6.33787787665,-5.67848626383
i,n,1953,-7.67007015395,3.74918346913
i,n,1954,3.40836220722,-4.74774351101
i,n,1955,5.39542346335,-6.50592541848
i,n,1956,4.50356446108,-6.62700163827
i,n,1957,6.45568571639,-7.27219322635
i,n,1958,-4.94455146431,6.41432630524
i,n,1959,-4.24779484375,7.71402501682
i,n,1960,-4.49607561668,3.58439652553
i,n,1961,5.46907801027,-7.06292371939
i,n,1962,-5.85101625209,4.11906513522
i,n,1963,4.33097340759,-5.07150408932
i,n,1964,4.6336250044,-5.45775991745
i,n,1965,4.74897592175,-6.83309081178
i,n,1966,7.1328475203,-6.07699460376
i,n,1967,-1.39947692909,5.10100769945
i,n,1968,-5.80893193517,5.12405442705
i,n,1969,-3.14836715769,5.6843541998
i,n,1970,-6.42332012293,2.2381882027
i,n,1971,-6.87983613793,5.2382935284
i,n,1972,-4.80758617943,1.35946036694
i,n,1973,4.43587726959,-4.60178797877
i,n,1974,6.56492137694,-0.540204200614
i,n,1975,-6.070256372,4.93793070444
i,n,1976,6.06951841851,-4.82511013878
i,n,1977,-6.12520358443,5.84309643811
i,n,1978,-6.26719372885,5.61440322532
i,n,1979,8.76136964707,-9.88251304641
i,n,1980,-0.602903124543,4.69418484575
i,n,1981,5.7245600443,-3.36586945831
i,n,1982,0.689877528572,-2.71130502094
i,n,1983,-4.16587445517,4.00868232374
i,n,1984,-5.05796603149,5.35128801941
i,n,1985,-4.53252468149,6.40267651132
i,n,1986,2.91290780652,-5.59353784506
i,n,1987,-5.366857167,4.7523899863
i,n,1988,-5.72286207064,4.68653230887
i,n,1989,6.27947473167,-6.85676533627
i,n,1990,5.03229250897,-7.25373771254
i,n,1991,6.58702091342,-7.91990444238
i,n,1992,-3.69664529016,4.7015038373
i,n,1993,-3.16368595927,5.21302240098
i,n,1994,-4.85130074722,4.60230605544
i,n,1995,-4.062139817,5.18027131901
i,n,1996,-6.18873919078,5.37947078461
i,n,1997,-3.4027746669,1.80979458011
i,n,1998,-5.64413182129,5.42006128362
i,n,1999,7.13065922085,-6.28150521084
i,n,2000,-8.03702462381,4.05955115637
i,n,2001,-4.13208396891,3.84418920479
i,n,2002,-5.10752893646,6.49014896609
i,n,2003,-3.00235542146,6.12414127783
i,n,2004,-5.71810835294,3.06041027369
i,n,2005,5.75453040115,-6.84809393603
i,n,2006,-1.61662436089,3.59856298461
i,n,2007,-2.5598883372,6.35735880595
i,n,2008,-0.264563020695,6.35501479815
i,n,2009,-3.71610160105,7.88974770134
i,n,2010,4.52459645145,-7.7406807325
i,n,2011,-0.288797431779,6.27129084716
i,n,2012,-5.78570148809,8.95885825819
i,n,2013,-5.89317660049,8.16737937333
i,n,2014,-4.85870313714,5.31959880447
i,n,2015,-4.98306000582,10.2672602464
i,n,2016,7.30538217861,-4.41690411147
i,n,2017,-6.40521964417,7.78973678711
i,n,2018,-6.04929864135,4.30022710861
i,n,2019,5.40497498145,-2.43262680497
i,n,2020,0.959322401891,-7.67033790375
i,n,2021,-3.68149760326,6.25510474046
i,n,2022,-6.91967042357,5.39009236838
i,n,2023,-7.91110759214,5.47153872683
i,n,2024,-2.1898122398,3.38309165263
i,n,2025,-5.83900377408,7.63071493223
i,n,2026,-3.63306410962,3.27408865536
i,n,2027,5.38699854406,-8.51722540863
i,n,2028,7.60713324882,-6.10646936928
i,n,2029,-5.14765724066,4.32330779759
i,n,2030,3.49281678181,-8.64530102342
i,n,2031,-7.24196759963,5.41980979469
i,n,2032,4.88858679356,-7.75568216969
i,n,2033,2.04626257696,-1.96445091976
i,n,2034,3.62190947231,-5.82224955201
i,n,2035,5.92233558679,-6.62414084068
i,n,2036,4.07049922276,-5.79386367792
i,n,2037,6.59647680834,-5.47666509071
i,n,2038,2.69070370533,-3.50084669306
i,n,2039,2.49021303671,-7.28538465732
i,n,2040,-8.92499085228,6.53732184107
i,n,2041,-4.82803529995,5.73309238405
i,n,2042,-6.13613800601,3.77560558398
i,n,2043,7.46749513415,-8.81907032464
i,n,2044,3.33388278604,-2.04376678217
i,n,2045,-3.98255523901,3.5115695052
i,n,2046,7.68150373673,-3.47843089353
i,n,2047,-1.36648695095,3.40008125126
i,n,2048,4.26998506095,-8.41761864446
i,n,2049,-5.55704531591,5.29500459222
i,n,2050,4.63769080142,-7.432366859
i,n,2051,-3.65837539385,4.88498486416
i,n,2052,4.3469512548,-9.58603486608
i,n,2053,7.12230088776,-5.45527764316
i,n,2054,-5.71269908589,4.97149810285
i,n,2055,5.62743354173,-8.01735341499
i,n,2056,5.63569029428,-2.76540677743
i,n,2057,-6.91660403985,5.01025561439
i,n,2058,-7.54673282452,6.56054332448
i,n,2059,4.14516896985,-4.72098055372
i,n,2060,3.51760328806,-8.506837581
i,n,2061,-5.02320970489,6.61975213833
i,n,2062,-7.11318733996,8.65011985454
i,n,2063,-3.93969824886,5.47387106464
i,n,2064,6.23874890639,-9.58694314572
i,n,2065,-6.23908674413,6.46241887336
i,n,2066,-5.52507379517,6.68138032167
i,n,2067,-2.74786737736,6.47651705246
i,n,2068,1.94139049229,-3.78482159118
i,n,2069,5.68703270184,-7.08208689494
i,n,2070,-3.28155948983,7.05575155262
i,n,2071,3.84194937906,-5.72053639693
i,n,2072,-5.83992039601,4.58145659026
i,n,2073,5.23138373668,-7.64344284032
i,n,2074,-4.95709228652,5.64984424283
i,n,2075,-5.08656173384,6.86838611813
i,n,2076,-3.38121860111,4.62318999136
i,n,2077,3.28078865611,-3.34617437734
i,n,2078,5.70336737629,-6.5176610132
i,n,2079,9.40397375345,-4.9275346004
i,n,2080,-3.46216225867,7.45199923194
i,n,2081,7.41570777445,-4.81173036064
i,n,2082,-1.95827613516,3.05007331155
i,n,2083,8.8902361426,-7.16079379965
i,n,2084,-7.98631716192,3.48941195728
i,n,2085,3.17818676774,-5.33494024598
i,n,2086,8.14023546246,-4.20719591166
i,n,2087,-4.63084374499,4.82018678594
i,n,2088,3.11901164993,-5.89490633569
i,n,2089,4.5773782813,-7.8025143035
i,n,2090,-4.80032125748,5.84909154651
i,n,2091,-2.38124340862,3.39757170207
i,n,2092,5.54010600229,-7.0334261522
i,n,2093,2.08592473885,-4.97220615594
i,n,2094,4.88131205176,-10.8742655123
i,n,2095,-5.23245285414,2.71730801024
i,n,2096,4.95154904671,-6.96234292725
i,n,2097,4.79416192298,-6.04787728257
i,n,2098,3.73880024155,-8.31661755171
i,n,2099,5.35082042866,-6.18130087466
i,n,2100,3.44546468153,-6.41943085865
i,n,2101,4.54119404064,-4.65315526785
i,n,2102,4.18064339832,-6.90350043756
i,n,2103,6.47857917267,-9.30881724277
i,n,2104,2.83684378321,-11.5848551258
i,n,2105,-7.14120124077,7.28161631222
i,n,2106,-2.92741222885,6.5189985153
i,n,2107,-4.76944774626,9.74997217065
i,n,2108,7.27197507081,-6.85523493545
i,n,2109,3.75786745735,-3.88546249324
i,n,2110,3.73043503144,-6.84743095288
i,n,2111,-9.96269942117,4.08790030407
i,n,2112,6.79435422366,-5.61017725734
i,n,2113,3.69140315403,-3.64490960581
i,n,2114,-5.03672512443,6.6566143606
i,n,2115,-3.8231203008,5.90235226626
i,n,2116,-5.66674585624,7.03777875686
i,n,2117,5.92569492877,-6.48142527554
i,n,2118,-2.73443573001,4.81949539684
i,n,2119,6.04134089543,-3.34300880513
i,n,2120,-0.794920301788,9.51771271433
i,n,2121,3.18876168214,-4.06274354672
i,n,2122,7.15082562397,-9.18258125085
i,n,2123,2.24755418403,-5.41646642265
i,n,2124,-6.85777313079,4.6487356735
i,n,2125,-5.93943032823,3.87981816054
i,n,2126,5.80277618205,-4.82729068211
i,n,2127,3.37157382601,-7.80661431577
i,n,2128,5.86756644619,-7.33192012841
i,n,2129,-8.98354123135,4.61939610484
i,n,2130,9.60461918762,-6.19069195606
i,n,2131,3.79192494315,-4.00362279356
i,n,2132,-2.89729091358,5.17621944676
i,n,2133,4.2999150076,-10.3603445486
i,n,2134,8.25348056433,-4.40396710751
i,n,2135,-6.56552205234,2.39591759057
i,n,2136,-5.68612332621,6.46264849263
i,n,2137,4.81505786806,-3.50245679292
i,n,2138,5.17086885192,-6.86502827533
i,n,2139,-4.56912014435,6.10665258038
i,n,2140,6.24671596363,-5.96561216692
i,n,2141,-3.01086881504,6.15027659871
i,n,2142,-6.59670796405,4.0566064847
i,n,2143,-4.24196584815,5.03871299573
i,n,2144,-3.8154650957,2.78537105791
i,n,2145,-6.65385167425,8.11225607134
i,n,2146,6.38667729372,-3.55680311291
i,n,2147,-6.12878904156,3.92058305879
i,n,2148,-2.01768547954,5.01237919113
i,n,2149,10.0755393621,-4.90709968706
i,n,2150,-6.79303510419,4.17688040848
i,n,2151,4.55563983343,-5.80014496065
i,n,2152,9.22227198927,-6.52538437758
i,n,2153,-3.16647859311,4.56882175895
i,n,2154,5.21814080374,-4.19772810416
i,n,2155,-6.14831849613,5.2293025421
i,n,2156,4.64428739423,-4.7228154181
i,n,2157,-4.25387382746,4.80094848889
i,n,2158,2.32196040069,-5.27704639489
i,n,2159,-2.83084529812,4.74121987799
i,n,2160,5.95242076513,-6.84145922429
i,n,2161,-7.0088452097,8.26819881496
i,n,2162,3.69574684224,-6.98700207688
i,n,2163,5.369500389,-5.42567317057
i,n,2164,-4.44901123703,7.00529394426
i,n,2165,3.33043905565,-5.86881204292
i,n,2166,-6.28285591038,4.35671089233
i,n,2167,-7.47859563175,8.72138848717
i,n,2168,-7.17022982964,4.96337451554
i,n,2169,-7.19365724008,8.51651004811
i,n,2170,-3.64477618626,7.75191304044
i,n,2171,-4.91289056863,5.32787527289
i,n,2172,-7.12549558776,6.9841716592
i,n,2173,5.29741172987,-6.75032260078
i,n,2174,7.15853799722,-4.76782134987
i,n,2175,5.2423372097,-5.77478052825
i,n,2176,-5.0285035619,7.62983889522
i,n,2177,7.14163076966,-2.97186842228
i,n,2178,5.03809555498,-8.15270085744
i,n,2179,6.03412504483,-7.33127435274
i,n,2180,-5.62023220937,8.74286631588
i,n,2181,-2.94646120638,7.21176404485
i,n,2182,5.12804949073,-6.20031107409
i,n,2183,3.92375939458,-8.03730720389
i,n,2184,4.90604968832,-4.62492577708
i,n,2185,-0.998421580412,5.2796611339
i,n,2186,7.1473946352,-3.00897084697
i,n,2187,-9.11786793204,6.54495208384
i,n,2188,-6.32164978821,5.06920352008
i,n,2189,3.31474951164,-9.93475282319
i,n,2190,-4.41817472091,5.23455272365
i,n,2191,-5.75893273289,7.00046250583
i,n,2192,6.55411783361,-5.79996913875
i,n,2193,-7.23520003934,7.08946702408
i,n,2194,-2.57709240165,6.07417706604
i,n,2195,-7.44460771607,5.68029594025
i,n,2196,4.54549289665,-2.6549870096
i,n,2197,-4.78423102414,7.2093718898
i,n,2198,2.94250090863,-7.72052875698
i,n,2199,5.9859558447,-5.53395980862
i,n,2200,6.69536914445,-5.46413111597
