<project name="lua_compute" threads="1" pubsub="auto" heartbeat-interval="1" index="pi_EMPTY" luaroot="@ESP_PROJECT_OUTPUT@/luaroot">
  <description><![CDATA[This project uses Lua code to modify customer data.]]></description>
  <metadata>
    <meta id="studioUploadedBy">anonymousUser</meta>
    <meta id="studioUploaded">1722341738530</meta>
    <meta id="studioModifiedBy">anonymousUser</meta>
    <meta id="studioModified">1722341763663</meta>
    <meta id="layout">{"cq1":{"Customers":{"x":50,"y":50},"TransformData":{"x":50,"y":175}}}</meta>
    <meta id="studioTags">Example</meta>
  </metadata>
  <contqueries>
    <contquery name="cq1" trace="TransformData">
      <windows>
        <window-source pubsub="true" name="Customers">
          <description><![CDATA[This window receives input events from the CSV file that lists customers.]]></description>
          <schema>
            <fields>
              <field name="custref" type="string" key="true"/>
              <field name="forename" type="string"/>
              <field name="surname" type="string"/>
              <field name="telno" type="string"/>
              <field name="email" type="string"/>
            </fields>
          </schema>
          <connectors>
            <connector class="fs" name="input_lua_compute">
              <properties>
                <property name="type"><![CDATA[pub]]></property>
                <property name="fsname"><![CDATA[@ESP_PROJECT_HOME@/test_files/lua_compute.csv]]></property>
                <property name="fstype"><![CDATA[csv]]></property>
              </properties>
            </connector>
          </connectors>
        </window-source>
        <window-lua events="create" name="TransformData">
          <description><![CDATA[This window capitalizes each customer's surname, determines the customer's preferred method of communication, and transforms telephone numbers into standard format.]]></description>
          <schema>
            <fields>
              <field name="custref" type="string" key="true"/>
              <field name="forename" type="string"/>
              <field name="surname" type="string"/>
              <field name="telno" type="string"/>
              <field name="email" type="string"/>
              <field name="notify" type="string"/>
            </fields>
          </schema>
          <copy exclude="true"><![CDATA[surname,telno]]></copy>
          <use><![CDATA[surname,telno]]></use>
          <code><![CDATA[function create(data,context)

	local e = {}

	e.surname = string.upper(data.surname)
	e.telno = cleanNumber(data.telno)
	if (e.telno ~= "")
	then
		local len = string.len(e.telno)
		if (len > 10)
		then
			e.telno = string.sub(e.telno,len - 10 + 1)
		end
		e.notify = "sms"
	else
		e.notify = "email"
	end

	return(e)
end

function cleanNumber(telno)
	local   str = ""

	if (telno ~= "" and telno ~= nil)
	then
		str = ""
		for c in telno:gmatch("[0-9]")
		do
			str = str..c
		end
	end

	return(str)
end
]]></code>
        </window-lua>
      </windows>
      <edges>
        <edge source="Customers" target="TransformData"/>
      </edges>
    </contquery>
  </contqueries>
</project>