i,n,1,0.0527211173,1.0309124848,0.23157340899999998,0.5537200806,0.7877017064,-0.055591409
i,n,2,0.0926133778,-0.035797598,0.2195281149,0.5473278307,-0.054910839,-0.092912917
i,n,3,0.3123194721,0.744129347,0.8280121219,2.0449542672,0.48854618439999997,-0.31555059
i,n,4,-0.159037894,2.0408008896000003,-0.176267649,-0.483977525,1.6362001777000001,0.1544692378
i,n,5,0.4284400482,1.0312308822,1.136925573,2.8076728039999996,0.6783159227,-0.43289929299999996
i,n,6,-0.23586576399999998,-0.422306911,-0.6111578120000001,-1.5121936880000002,-0.260154014,0.237947259
i,n,7,0.0498088747,0.9241687537000001,0.2137319552,0.5116632687,0.7053976312000001,-0.052392733
i,n,8,-0.33262248699999997,0.2771006516,-0.7733770809999999,-1.9315247969999998,0.3129210743,0.3333168458
i,n,9,-0.14004016800000002,-1.052988291,-0.444213066,-1.082618283,-0.779419387,0.1433362424
i,n,10,0.3330146128,-0.317493474,0.7702259517,1.9245732536000002,-0.344501691,-0.333606898
i,n,11,0.3179437314,1.9211179006,0.960915159,2.3497939274,1.4037845656999999,-0.32422119899999996
i,n,12,-0.130482115,-1.244361721,-0.440588275,-1.069360838,-0.93128919,0.1342292465
i,n,13,-0.15926737,-0.430419493,-0.427411507,-1.054560449,-0.288824967,0.161045923
i,n,14,-0.314338936,-0.47648372200000005,-0.8057378959999999,-1.995420804,-0.27945973,0.31689126089999997
i,n,15,0.4473391204,-0.233918426,1.0541733144,2.6296383637000003,-0.312755939,-0.448629272
i,n,16,-0.018161155,2.0109560825,0.16015789519999998,0.3542458268,1.5718434653,0.0130736672
i,n,17,-0.30973884,-0.664173572,-0.8136861040000001,-2.011056916,-0.427013287,0.31275371890000003
i,n,18,0.8054322257,2.2805222778,2.1719962083,5.3569446125,1.54151435,-0.81469324
i,n,19,0.4433225568,1.4808576006999998,1.2183797905,3.0005150239,1.0242345378,-0.448999376
i,n,20,-0.429625021,-1.529143121,-1.190270994,-2.929467442,-1.065846087,0.43536794219999997
i,n,21,-0.326983838,-1.9393627709999999,-0.9845479970000001,-2.408226534,-1.415359524,0.3333463706
i,n,22,-0.082197874,1.0685247324,-0.08970889800000001,-0.246974567,0.8563708356,0.07980128410000001
i,n,23,0.1954755273,-2.3127091930000003,0.2364940517,0.6399314626,-1.858650411,-0.19036261399999999
i,n,24,-0.347050094,-0.907921599,-0.928307019,-2.291024804,-0.6060068000000001,0.3508486438
i,n,25,-0.256131617,-2.052033512,-0.825250067,-2.009147005,-1.523805048,0.26248400829999996
i,n,26,-0.124269608,0.6898325892,-0.22948434,-0.5865820620000001,0.5736443284,0.1230233549
i,n,27,-0.12372925300000001,-2.597459954,-0.561525988,-1.340516145,-1.9873294380000002,0.1309226772
i,n,28,0.15994878210000002,-0.129352507,0.3722904572,0.9297135539,-0.147438844,-0.16029268800000002
i,n,29,0.1495246516,0.787235412,0.4401182356,1.0783022751,0.5696291178,-0.15217834800000002
i,n,30,0.5358828479,-0.9248182690000001,1.1974655354000001,3.0016606068000002,-0.876806943,-0.535772995
i,n,31,-0.034980459,0.479195054,-0.035695597,-0.099467365,0.3835023708,0.033897717599999995
i,n,32,0.0421910222,1.3128984631,0.23479486600000002,0.5555026668,1.010442742,-0.045740961
i,n,33,-0.27776448800000003,-1.9458965080000001,-0.86661323,-2.11447226,-1.434811415,0.28393575379999997
i,n,34,0.30606538769999997,0.12439925939999999,0.7500995562,1.864692014,0.0075985062,-0.307678567
i,n,35,-0.554425294,-2.599568922,-1.599530744,-3.924680424,-1.863296337,0.5634446529
i,n,36,0.4820911586,0.8291261003,1.2457073345,3.0829658406,0.5052201072,-0.486258165
i,n,37,-0.441728203,0.626626334,-1.000831393,-2.505525317,0.6170399639,0.4419861401
i,n,38,-0.014392281000000002,1.0115247917,0.06789320480000001,0.146651601,0.7921821206999999,0.011855461299999998
i,n,39,-0.36496438700000006,0.2551353688,-0.8535344109999999,-2.130598172,0.3052473004,0.36585186020000005
i,n,40,-0.44144276,-0.816422621,-1.14647412,-2.836196378,-0.507185136,0.4454053253
i,n,41,0.5743201346,0.9156095954000001,1.4767089642,3.6561532104000003,0.545678972,-0.57909908
i,n,42,0.15516798710000002,-0.727321001,0.300134587,0.7633017713,-0.611864042,-0.153956067
i,n,43,0.0576427407,-0.707762405,0.0671243013,0.18276800940000001,-0.56817019,-0.056068817
i,n,44,0.4697014503,0.1498036119,1.1469676822,2.8521707723,-0.020359968,-0.472071546
i,n,45,-0.15018421,-0.016178901000000002,-0.36351949299999997,-0.904658251,0.031219927,0.1508605751
i,n,46,0.2613182682,-0.6197206000000001,0.5668218646000001,1.4248648273,-0.559017211,-0.26083136100000004
i,n,47,-0.371677556,-1.110647734,-1.008205717,-2.485455855,-0.756745166,0.3761008165
i,n,48,-0.102383835,-1.050505854,-0.353225887,-0.856152015,-0.788473578,0.1055143643
i,n,49,0.2706828639,-0.237456308,0.6281495020000001,1.5690900824,-0.263964125,-0.271217218
i,n,50,-0.282024856,-0.677256193,-0.7482340340000001,-1.847818414,-0.445291579,0.2849561872
i,n,51,0.0419553093,2.2359033028999997,0.327823017,0.7666881545,1.7295365607,-0.047874582
i,n,52,0.0997082873,-1.076356826,0.13110720509999998,0.35021281060000004,-0.8675815659999999,-0.097365599
i,n,53,-0.432995077,-1.4527891030000002,-1.1906487890000002,-2.93209695,-1.00538258,0.4385561618
i,n,54,-0.039504813,-0.687174343,-0.164871516,-0.39526291,-0.5237845879999999,0.0414365007
i,n,55,0.4648160727,0.8080447387999999,1.2019441319,2.9744795323,0.4938384547,-0.468855921
i,n,56,-0.128213254,-1.021490882,-0.41252137200000005,-1.004415539,-0.758333823,0.1313784497
i,n,57,0.32888237600000003,0.42453223770000004,0.8355132126,2.0706984358000002,0.2347455457,-0.33136276
i,n,58,-0.310747674,-0.092914426,-0.758189158,-1.8855282869999999,0.0182946033,0.3122997896
i,n,59,0.1138593144,-0.8601578240000001,0.18712843210000002,0.48490062289999997,-0.703290777,-0.11213165300000001
i,n,60,-0.076054179,1.8898447521000001,0.0083796465,-0.020941481,1.4943902141,0.0715224212
i,n,61,-0.08928398900000001,-2.118722338,-0.42998205,-1.023614767,-1.62444166,0.09510238929999999
i,n,62,-0.071891039,0.9003647438,-0.08192593599999999,-0.223878446,0.7223659188,0.0698827272
i,n,63,-0.366727517,1.9646536290999999,-0.6844312929999999,-1.7474145580000002,1.6374844069,0.3632322995
i,n,64,-0.5910425020000001,-1.009991452,-1.526573296,-3.7782074480000003,-0.614323331,0.5961345097999999
i,n,65,0.141038515,0.5765286947,0.3983038789,0.9788623194,0.40796384350000003,-0.143115233
i,n,66,0.218487803,0.35294557060000004,0.5622509562,1.3919697241999998,0.2111920531,-0.220317719
i,n,67,-0.101563394,0.14846439990000002,-0.229668945,-0.5750665779999999,0.1452903909,0.1016114294
i,n,68,0.0097381128,-0.702664298,-0.047788134,-0.10343012900000001,-0.550220293,-0.007974792
i,n,69,0.27596466059999997,1.9342556619,0.8610959999,2.1009940905,1.4262683272999999,-0.28209842399999996
i,n,70,-0.357255521,0.4930711168,-0.810831815,-2.029549168,0.48835092119999995,0.35749937649999997
i,n,71,0.3413334486,2.3705182433000003,1.0628451091,2.593617426,1.7470444513999999,-0.348863869
i,n,72,0.0811658754,-0.873943212,0.10695351619999999,0.2856025264,-0.704489797,-0.07926462
i,n,73,0.3319804605,1.8823156838,0.9908029073000001,2.4250606068000002,1.3694615779,-0.338217613
i,n,74,0.8964532502,1.3312511559,2.2950578350999997,5.6843160574,0.7754680559,-0.90366122
i,n,75,0.0907907117,1.5215859789,0.3730607549,0.8951124911,1.1588300175,-0.095081999
i,n,76,-0.15930981800000002,-0.281180432,-0.41238039299999996,-1.020440242,-0.172554662,0.1607052956
i,n,77,-0.105962079,-1.167887763,-0.37375086700000004,-0.9046544009999999,-0.8788705059999999,0.10940917689999999
i,n,78,-0.012985837,0.5441374066,0.0238873103,0.0474333861,0.42767478979999995,0.0116433505
i,n,79,0.16548309560000002,-0.115132339,0.3870677333,0.9661884288,-0.137976165,-0.165886913
i,n,80,0.0040012678000000005,1.2271592909,0.13407982970000001,0.3066596186,0.9547952023999999,-0.007169598
i,n,81,-0.056813561,-0.002385622,-0.137137984,-0.3413652,0.01471964,0.0570598341
i,n,82,0.2773729776,-0.46487926,0.6212082468,1.5568397716999998,-0.44307981399999996,-0.277351574
i,n,83,-0.24138797399999998,1.4090919914,-0.438753299,-1.123486942,1.1681255662999999,0.2387896712
i,n,84,-0.241721491,-1.037977447,-0.6876988559999999,-1.689131207,-0.738055522,0.2454088163
i,n,85,-0.417965524,-1.502585869,-1.159483653,-2.853406895,-1.048560076,0.4235909611
i,n,86,-0.018106423,-0.9485208070000001,-0.13981216800000001,-0.327094307,-0.733618687,0.0206188151
i,n,87,0.2730810353,-0.767851658,0.580143999,1.4613082018999999,-0.677844335,-0.272263439
i,n,88,0.1188000618,0.6060733028,0.34771477240000004,0.8522624309000001,0.4374683532,-0.120858652
i,n,89,0.1458839489,-0.260541697,0.3250972307,0.8151234643999999,-0.245531747,-0.145831503
i,n,90,-0.21182591899999997,-0.543398671,-0.565511352,-1.3958739619999998,-0.361499819,0.2141167703
i,n,91,-0.022225627,1.2040996766,0.0685460435,0.1440171443,0.9444845966,0.0192273741
i,n,92,0.4165077265,0.892332624,1.0940890473,2.7040996574,0.5735953579999999,-0.420559835
i,n,93,-0.515073573,-2.063102471,-1.450310451,-3.565049052,-1.456869222,0.5225489173
i,n,94,-0.047292477,-1.2986052940000001,-0.24563778100000003,-0.582813295,-0.9978197059999999,0.0508272732
i,n,95,0.0679774988,1.0324540467,0.26849099989999997,0.6455958125,0.7844508174,-0.07091623700000001
i,n,96,-0.202114212,-1.1726578509999999,-0.6059195629999999,-1.482554797,-0.8545294809999999,0.20597998780000001
i,n,97,0.29832443399999997,-0.034017561,0.7153831570999999,1.781766441,-0.11355013900000001,-0.299498069
i,n,98,-0.6903259209999999,-1.681151725,-1.833861475,-4.528384329,-1.1081896409999998,0.6975611717
i,n,99,0.2679953204,-0.315341594,0.6137758293,1.5350282897999998,-0.323852904,-0.2683183
i,n,100,0.6740259121,1.1629903253,1.7420420238999998,4.3112528695,0.7092958153,-0.679861595
i,n,101,-0.141891575,-1.508114655,-0.494825659,-1.198555712,-1.133424693,0.1463642668
i,n,102,0.16216126990000002,-0.09982652199999999,0.380615639,0.9497867654000001,-0.125083563,-0.16259035300000002
i,n,103,-0.022599316,0.7067571404,0.0172132346,0.0272204924,0.5571615028,0.0208798479
i,n,104,0.2539988146,1.1459838194,0.7282341347,1.7876585106,0.8186104943000001,-0.258015402
i,n,105,0.37332978619999996,1.193598908,1.0205984336,2.5144738139,0.8208823982,-0.377973054
i,n,106,-0.157994051,-3.599387708,-0.745688502,-1.776843465,-2.757837411,0.1679053191
i,n,107,-0.051304642000000004,-0.291420773,-0.153173112,-0.374892705,-0.212047567,0.05226988849999999
i,n,108,0.5231747491,3.5260164752999996,1.6181756872,3.9506057343000003,2.5941220939,-0.534441186
i,n,109,0.2369370573,1.4930635217,0.7223178602,1.7652519762,1.0939657642,-0.24177284699999999
i,n,110,0.3729064521,1.8354121881999999,1.0846606308,2.6597657853,1.320981439,-0.379196145
i,n,111,-0.164215244,0.6039744124,-0.33444235899999997,-0.8459857820000001,0.5184164454,0.1633583271
i,n,112,0.42934485229999997,-0.52859632,0.9809334904000001,2.4538191816999997,-0.5370607,-0.42980219299999994
i,n,113,-0.440330748,-1.363189629,-1.199238858,-2.955464681,-0.933443646,0.4456927428
i,n,114,0.1437865516,0.4862853658,0.3957744481,0.9745612466,0.33686200299999997,-0.145643136
i,n,115,-0.34892782,0.10023207710000001,-0.8306010009999999,-2.070076819,0.1798974912,0.3501453094
i,n,116,0.06792571,1.4975967204,0.3155334051,0.7524233604,1.1468142229,-0.072058743
i,n,117,-0.024865262000000003,0.0647049826,-0.053353185,-0.134259071,0.0576611,0.024804199199999998
i,n,118,-0.002522691,-0.129672071,-0.019227821000000003,-0.045001129,-0.100279029,0.0028663593
i,n,119,0.6088953358,1.3095644583,1.5999687081,3.9543057014999996,0.8424826772,-0.614832128
i,n,120,-0.574783306,-1.708745392,-1.5582519209999999,-3.8416179280000002,-1.163400273,0.5816010292
i,n,121,-0.173184179,0.0974040958,-0.407421718,-1.016469447,0.1264129385,0.17366607550000002
i,n,122,0.1167743539,-0.010792496,0.2802812119,0.6980252932,-0.04248186,-0.117240234
i,n,123,0.0189961427,-1.356668119,-0.091798708,-0.198532033,-1.062393764,-0.015592433999999999
i,n,124,0.2048841068,-1.3911237859999999,0.352616834,0.9086446152,-1.143476517,-0.20217764800000002
i,n,125,0.3080051784,-0.041652165,0.7379353805,1.8380812099000001,-0.122322347,-0.309200127
i,n,126,-0.07595081599999999,-0.553152093,-0.239100242,-0.583026913,-0.408745786,0.0776923809
i,n,127,0.0113166779,-1.1965456429999999,-0.094065878,-0.20771828,-0.9354167659999999,-0.008291713000000001
i,n,128,-0.24215361800000001,-0.585536674,-0.64286092,-1.5875109280000002,-0.385475974,0.244680875
i,n,129,0.19542277260000002,-1.249569415,0.3441732555,0.8844923434,-1.030444214,-0.193039842
i,n,130,-0.34428029,-1.760278556,-1.008065151,-2.470736057,-1.270805032,0.3502560349
i,n,131,0.0300262436,-0.341545569,0.037716252400000004,0.1014531692,-0.274827158,-0.029276053
i,n,132,-0.296740277,-0.40800256799999995,-0.756388507,-1.874075641,-0.231247838,0.2990423498
i,n,133,-0.193616362,1.4013360592,-0.324430887,-0.838698932,1.1481440258,0.19083604980000002
i,n,134,-0.12865067800000002,1.7237557253,-0.135197179,-0.374715664,1.3803536175,0.12476776880000001
i,n,135,0.40832592560000003,0.52918647,1.037550083,2.571373363,0.2930902533,-0.41141087
i,n,136,0.2906071034,1.4318784613,0.8454350315000001,2.0731172233,1.0306415379,-0.295512625
i,n,137,-0.755026669,-0.8562962609999999,-1.906118846,-4.726521701,-0.446743909,0.7604171276
i,n,138,-0.560280613,-1.1954832290000001,-1.471260025,-3.6363967510000004,-0.767798523,0.5657189472999999
i,n,139,0.2266561593,1.4185211752000002,0.6899864785,1.6864088245,1.0388968711,-0.231257063
i,n,140,-0.053583212000000005,-0.10914818400000001,-0.140180362,-0.34657789899999997,-0.069391497,0.0540900032
i,n,141,0.22567508309999998,2.1423907559,0.7610255726,1.8472553528,1.6030808971000001,-0.23213078
i,n,142,0.30058788059999997,1.9612031354,0.9231598679999999,2.2549118765,1.4400755415000002,-0.306894927
i,n,143,-0.7925757959999999,-2.165781685,-2.1293826609999997,-5.2533922230000005,-1.455882371,0.8014878075
i,n,144,0.15529849210000002,0.2514807216,0.3997031758,0.9895360689,0.1505889448,-0.15660074400000001
i,n,145,-0.181908084,-0.133794985,-0.451886994,-1.122055828,-0.051146602,0.18302058829999998
i,n,146,0.0984409179,1.6705632022999999,0.40660128170000004,0.975319423,1.272651653,-0.103147125
i,n,147,0.10870061380000001,-1.460738933,0.1137970443,0.3156200692,-1.1696409429999999,-0.105408819
i,n,148,-0.30044503899999997,-1.059775649,-0.8314075879999999,-2.046425499,-0.7379010429999999,0.3044365629
i,n,149,-0.08100519,-1.063828024,-0.30306353,-0.7309734,-0.805089844,0.08407956539999999
i,n,150,-0.143137611,0.0957600976,-0.335189212,-0.836603433,0.1163647452,0.1434967251
i,n,151,0.1105628641,0.6611117064,0.3334477924,0.8155259855,0.48274711719999996,-0.112727979
i,n,152,0.20879192440000002,-1.23094522,0.378275683,0.9689815916,-1.019836964,-0.206513332
i,n,153,-0.021034002000000003,-2.243139682,-0.278145525,-0.642851274,-1.7412785169999998,0.026883425699999998
i,n,154,0.11551290550000001,0.43388933979999994,0.32233405649999997,0.7928834528,0.3042954336,-0.11711542300000001
i,n,155,-0.185243952,-0.27056641800000003,-0.47379412299999996,-1.173570308,-0.156718783,0.1867217941
i,n,156,-0.109621886,-0.902411906,-0.35564917799999995,-0.865460868,-0.670995663,0.11240269580000001
i,n,157,0.3639887326,0.6078190151,0.938690285,2.3235132005000003,0.36728284840000003,-0.36708820000000003
i,n,158,-0.362428511,-0.7773471,-0.952121604,-2.353201774,-0.499801279,0.3659567414
i,n,159,0.35854424560000003,0.19699152539999998,0.8839119972,2.1962249885,0.048835021500000006,-0.36056567
i,n,160,0.0860004051,0.6874329886,0.27693198129999996,0.6742423058,0.5104187801,-0.08812929
i,n,161,-0.142790421,0.9454540881,-0.24819050899999998,-0.638807189,0.7781789836,0.1409660032
i,n,162,0.2208928458,-1.787441438,0.3510028796,0.9133930775,-1.456881109,-0.217236288
i,n,163,0.1865664018,1.8225662882,0.6343592027,1.5389819787999999,1.3653479704,-0.19203546100000002
i,n,164,0.034199019500000004,1.4456448515,0.2289985779,0.5381359071,1.1161848382,-0.038056077
i,n,165,0.3924040736,0.2583870137,0.9717252464,2.4134863012,0.0867821801,-0.394726288
i,n,166,-0.110021415,-0.846132135,-0.350904892,-0.854894429,-0.62703688,0.11265938380000001
i,n,167,-0.071319482,-0.713619516,-0.24421272800000002,-0.5922053860000001,-0.535102062,0.0734535612
i,n,168,0.6411676731,0.8114271895999999,1.6272180938,4.0331644281,0.44501445659999994,-0.645961632
i,n,169,0.0817223622,0.34705405310000004,0.2321080634,0.5701781150999999,0.2465103373,-0.08295905099999999
i,n,170,0.3460646543,0.0764820413,0.8416214787,2.0936044185,-0.041400911,-0.34772385299999997
i,n,171,-0.37076396899999997,-1.7524794469999998,-1.071088488,-2.627811126,-1.257001621,0.3768316301
i,n,172,0.2605649686,-0.927072734,0.5338400916,1.3495522221,-0.7982261340000001,-0.259285579
i,n,173,0.2992117495,-0.551191038,0.6650778927000001,1.6679666191999998,-0.516689585,-0.299061003
i,n,174,0.3248736526,1.7793694837,0.9632394517,2.3587159514,1.2913397604,-0.33081639399999996
i,n,175,0.7205766337999999,1.7857859854,1.9173628911000002,4.7339544835,1.1808731337,-0.7282084590000001
i,n,176,-0.040519837999999996,-0.036766337999999996,-0.101363501,-0.251540743,-0.016817563,0.0407855305
i,n,177,-0.009923785,-0.514255844,-0.076059476,-0.177981904,-0.39771194600000004,0.0112863718
i,n,178,0.7936158538,3.4564350972000004,2.2627657954,5.5569128627,2.4610038606,-0.805846735
i,n,179,-0.002416363,0.8797865690000001,0.083391236,0.1881494662,0.6860628939,0.0001672331
i,n,180,0.0032293551,0.5040618387,0.0588950887,0.1354750309,0.3917241856,-0.0045374659999999995
i,n,181,0.023559112400000002,0.1054153124,0.0674567599,0.1656081896,0.0752445275,-0.023929408
i,n,182,0.7061420584,1.1427398455,1.8173745513,4.4992482561000005,0.6841491891,-0.7120614890000001
i,n,183,0.0366636013,0.3799050973,0.12686718519999998,0.307444338,0.2852494831,-0.037794193999999996
i,n,184,0.1241499013,-0.34621967,0.2640395256,0.6650097361999999,-0.305933346,-0.123785561
i,n,185,0.0454898417,0.9309397487000001,0.2040115605,0.48731365299999996,0.7119325503,-0.048072832
i,n,186,-0.363964485,-0.674463013,-0.945389809,-2.338718131,-0.419205906,0.36723499579999996
i,n,187,-0.36413964600000004,0.0353819537,-0.873830955,-2.1762673880000003,0.1338177168,0.3655879732
i,n,188,-0.20021620899999998,0.9319744943000001,-0.387928665,-0.986400363,0.7844350148,0.198669142
i,n,189,0.7150887092,1.7776492640000001,1.9033142764,4.6991591139999995,1.1761359523000001,-0.722676442
i,n,190,0.10005582140000001,0.1834116677,0.2596898134,0.6424652609,0.11368250619999999,-0.100949762
i,n,191,0.046909728899999996,-0.545509492,0.057715439800000004,0.15575472210000002,-0.438642555,-0.045707112
i,n,192,-0.292459425,0.17306386420000003,-0.687151215,-1.71455606,0.2201564577,0.2932511903
i,n,193,-0.11219930199999999,0.9877940087,-0.170185738,-0.445543499,0.8022355676999999,0.11013684630000001
i,n,194,-0.139993351,-1.05092697,-0.443891232,-1.081862643,-0.77782727,0.1432839339
i,n,195,-0.22795299600000002,-0.712450623,-0.621513118,-1.5315562169999999,-0.488486232,0.2307461505
i,n,196,0.0232255954,-1.109798983,-0.056574112,-0.11629782300000001,-0.8713157090000001,-0.020473738999999998
i,n,197,-0.049446612,-0.451203973,-0.164898674,-0.400550191,-0.33706158700000005,0.0508143371
i,n,198,-0.189210165,-0.619578776,-0.518742126,-1.277752449,-0.42744369299999996,0.1916010559
i,n,199,-0.373032441,-0.546429191,-0.9542565479999999,-2.3636248280000003,-0.316820961,0.37601248229999995
i,n,200,0.6771423634999999,1.4304318094,1.7766708811,4.3915488707999994,0.9167245957,-0.683678025
i,n,201,0.0730954066,0.7808883199,0.2553132425,0.6183531788000001,0.5869865606,-0.075409742
i,n,202,-0.148399268,-0.7462303840000001,-0.433248488,-1.06210642,-0.538014395,0.1509429041
i,n,203,-0.08410468300000001,-0.496227253,-0.252975141,-0.618828962,-0.362021795,0.0857345277
i,n,204,-0.16534765099999998,-1.0205063840000002,-0.501899353,-1.226952248,-0.7467311729999999,0.1686672834
i,n,205,-0.086154282,0.3563803252,-0.171456213,-0.434739584,0.30276151879999996,0.08560324359999999
i,n,206,0.0033249265000000004,-0.528542221,-0.045584510999999994,-0.101795582,-0.412707039,-0.001981653
i,n,207,0.0009288436,-0.6943348220000001,-0.068170018,-0.154357001,-0.541161071,0.0008503228999999999
i,n,208,0.038851871600000004,0.7311186861,0.16775433039999998,0.40146789829999996,0.5582079611,-0.040893651
i,n,209,0.1178142495,1.387621711,0.42459130159999997,1.0263659489,1.0465858345999999,-0.121875735
i,n,210,0.2777511723,1.1437058631,0.7852360348999999,1.9296205162,0.8099050790000001,-0.281862309
i,n,211,-0.340457701,-1.4303220730000001,-0.9653955559999999,-2.371804712,-1.014882828,0.34556994090000004
i,n,212,-0.305066851,-0.508021368,-0.786594221,-1.947063201,-0.30673327300000003,0.3076609734
i,n,213,-0.058446323,0.1380356071,-0.126832999,-0.31881608699999997,0.1245848629,0.058338887699999994
i,n,214,-0.087225612,1.6218753893,-0.045711756,-0.149679652,1.2889006368,0.0834292362
i,n,215,0.0803569507,0.8002340473,0.2747721467,0.6663700318,0.5999380718,-0.08275166099999999
i,n,216,-0.018591752,-0.20755817399999998,-0.065845238,-0.159336751,-0.156263752,0.0192033592
i,n,217,-0.32084398199999997,-0.593501734,-0.833278298,-2.061396797,-0.368719147,0.3237243116
i,n,218,0.41167613329999997,-1.107400915,0.8796665965,2.2145088488,-0.9827964690000001,-0.410572386
i,n,219,-0.127943476,-0.47370059299999995,-0.35632335600000004,-0.8766224,-0.331681375,0.1297007741
i,n,220,-0.051993122999999995,1.1782752981,-0.005799416,-0.040501668,0.9330533651,0.0491870138
i,n,221,0.3221978193,-0.116200435,0.7645740262,1.9060496449000002,-0.18453717,-0.323261315
i,n,222,-0.103577266,0.47247949270000006,-0.201665171,-0.512515756,0.39828728909999994,0.102801724
i,n,223,0.0841470349,-0.164139175,0.1861135835,0.4669781153,-0.152419064,-0.08408119900000001
i,n,224,-0.148132614,1.1045458864,-0.24493038,-0.634209904,0.9036710682,0.1459222198
i,n,225,-0.674694874,0.5991541773,-1.564965937,-3.90938389,0.6636181016,0.6760080933
i,n,226,-0.18451142,-1.1136109840000001,-0.557516887,-1.3633578780000002,-0.8136681490000001,0.188151154
i,n,227,-0.268559972,-0.519602936,-0.6998028690000001,-1.730731746,-0.326407982,0.2710295248
i,n,228,0.3165027134,-1.577157106,0.6027048581000001,1.5353774449000002,-1.320967355,-0.31379031399999996
i,n,229,-0.346581394,-1.840935508,-1.02178873,-2.503118071,-1.332965714,0.3527739978
i,n,230,0.1184221541,-0.9335296890000001,0.1906827199,0.4953723453,-0.7617792240000001,-0.116525356
i,n,231,0.2853435878,1.3324588936,0.8226707256,2.0186424954,0.9547291151999999,-0.289971546
i,n,232,-0.004858332,0.9921375320999999,0.0888999519,0.1993787296,0.7742973741,0.0023310007
i,n,233,-0.100677774,1.1171013799,-0.1293116,-0.346643752,0.8996046557999999,0.0982345494
i,n,234,0.2824143669,1.8057591782,0.8636069778000001,2.110087752,1.3242869646,-0.28824540600000004
i,n,235,-0.179819273,-0.654634916,-0.49966896899999996,-1.229492579,-0.457492825,0.18226049649999998
i,n,236,0.2498003648,-0.103594069,0.5914058528,1.4746522600999998,-0.15359136199999998,-0.25059021600000003
i,n,237,0.0796750917,0.40969422229999997,0.233526974,0.5723250255,0.295904707,-0.081063991
i,n,238,-0.234691113,-0.857419002,-0.652449394,-1.6053682969999998,-0.599451105,0.2378850368
i,n,239,0.15205725369999998,-0.109850955,0.35525282189999996,0.8868653762,-0.129944317,-0.152417884
i,n,240,-0.518657201,-1.6899142040000001,-1.4211027669999998,-3.5005886939999997,-1.1651081429999999,0.5251893236999999
i,n,241,0.1995740774,1.7829666295,0.661686514,1.6078918479,1.330704047,-0.204996425
i,n,242,0.7929515912999999,0.4987069738,1.9612405992,4.8716623971,0.1571138059,-0.797584045
i,n,243,-0.055471202000000004,1.182552135,-0.013746393,-0.06038102,0.9373999353,0.052668811100000004
i,n,244,-0.450827063,0.30894434309999996,-1.05496984,-2.633280964,0.3722192482,0.4519392872
i,n,245,-0.044923547,1.1387813461,0.007230365999999999,-0.007189186,0.9002245098,0.042188978200000005
i,n,246,-0.153063464,1.0494958235,-0.262393876,-0.6764692170000001,0.8622256243,0.1510152847
i,n,247,-0.24847228899999999,-0.266224355,-0.6257067270000001,-1.551867136,-0.13488643,0.25020624199999997
i,n,248,0.2694074641,2.1453463129,0.8667013722,2.1102798652000003,1.5926222934999998,-0.276055604
i,n,249,-0.454008687,-0.435555278,-1.138131199,-2.823850679,-0.20682101,0.45704627770000006
i,n,250,-0.027910067,-1.038432733,-0.172552105,-0.406614619,-0.800799815,0.0306947967
i,n,251,-0.135182084,-0.274008899,-0.353515785,-0.8740498720000001,-0.17400841600000003,0.1364571586
i,n,252,0.5001201971,1.3705127633,1.3440481252,3.3158190484,0.9217019940000001,-0.505753724
i,n,253,0.07610539599999999,-0.9339555909999999,0.0886744747,0.2414226002,-0.7497630829999999,-0.074028635
i,n,254,-0.690923168,-0.685615602,-1.7343495230000001,-4.302661201,-0.332488123,0.6956043482
i,n,255,-0.261285664,0.9540274881,-0.532843342,-1.34766696,0.8194343086,0.2599400992
i,n,256,-0.31259934,1.3620222834,-0.615114889,-1.561514604,1.1522373395,0.3104229201
i,n,257,-0.615549276,-0.7715399009999999,-1.561444134,-3.8702962480000003,-0.421417456,0.6201325148
i,n,258,-0.30196117699999997,0.2261531666,-0.704662868,-1.759327312,0.26428585649999997,0.3026567686
i,n,259,0.7219108994,0.8657908315999999,1.8272869694999998,4.5300522755,0.46380331950000003,-0.7271857620000001
i,n,260,-0.094956068,0.46602884270000006,-0.181545939,-0.46228433799999996,0.3907465596,0.0941606507
i,n,261,0.2345692825,-0.48264554299999995,0.5162683153000001,1.2959748861,-0.44442982299999995,-0.234321327
i,n,262,0.0700026445,0.21550032239999997,0.19052858350000001,0.46957204189999996,0.1474491562,-0.07085195799999999
i,n,263,0.031363231,0.056593020099999995,0.0813105438,0.20117844370000001,0.034934514300000004,-0.031641135
i,n,264,-0.177588855,-1.9374356959999999,-0.6243753870000001,-1.5115854130000002,-1.457451396,0.1833149578
i,n,265,0.0115213228,1.7510126746999999,0.20532058260000002,0.47243255799999995,1.3606850780000002,-0.016066726
i,n,266,-0.37475305200000003,-1.166448091,-1.021274695,-2.516758006,-0.79931648,0.3793326116
i,n,267,0.458890726,0.2740490972,1.1335174728,2.8159368924,0.07958238150000001,-0.461534196
i,n,268,0.2453841202,-0.29456265,0.5613996933,1.4041733191999999,-0.301068121,-0.24566488600000003
i,n,269,0.0953524931,-0.7417626829999999,0.154540716,0.4011515214,-0.605660172,-0.093850651
i,n,270,-0.032042122,-1.225054659,-0.201432726,-0.47438757200000004,-0.944973435,0.0353235743
i,n,271,-0.418317093,0.5226569904999999,-0.954963637,-2.389033399,0.5292160631,0.4187430729
i,n,272,0.2892316901,-0.168592921,0.6798271418999999,1.6962231908,-0.21573172699999998,-0.290021294
i,n,273,-0.074908792,1.2700395768000001,-0.051711015,-0.15683275800000002,1.0112248959,0.07196388990000001
i,n,274,0.099073835,-0.42302972200000005,0.1958282434,0.49689034299999996,-0.3584516,-0.09840624699999999
i,n,275,0.2142164702,1.3974585365999999,0.6578763865999999,1.6069336223,1.0261188475,-0.21871070199999998
i,n,276,-0.118481609,-0.21707455399999998,-0.307501521,-0.760752402,-0.13452945300000002,0.1195398815
i,n,277,0.616543576,1.4377315826,1.6313942763,4.0297075638,0.9400937229,-0.6228418370000001
i,n,278,-0.459771401,-0.325594981,-1.140866462,-2.8330927000000004,-0.119479885,0.4625509661
i,n,279,-0.143416778,0.369305835,-0.308123331,-0.7752712009999999,0.3295395998,0.1430745907
i,n,280,0.562709502,0.7353600346,1.4304543945,3.5449852118000003,0.4086516834,-0.566976479
i,n,281,0.082552292,-0.6206618770000001,0.13597784710000002,0.35225875289999997,-0.507587019,-0.08130733799999999
i,n,282,-0.31181349,-1.8377947680000002,-0.937694659,-2.2938274069999998,-1.340664249,0.31785106679999997
i,n,283,0.0630940099,0.9819094641,0.2515984987,0.6046583816,0.7465013433,-0.065882305
i,n,284,-0.041427082999999996,0.546065397,-0.044448267,-0.12273713800000001,0.4374757854,0.0401998639
i,n,285,0.11417287300000001,0.4948992077,0.3252917857,0.7988974598,0.3522134209,-0.11592640300000001
i,n,286,0.0016838526999999998,0.5821417888,0.063088694,0.1441882776,0.4529998014,-0.003185945
i,n,287,0.2831625759,-0.304323022,0.6514396692000001,1.6285522475999998,-0.319695152,-0.283577963
i,n,288,-0.26462782,0.4741725685,-0.589555562,-1.47824299,0.4466003401,0.2645286784
i,n,289,-0.160885885,-1.3978480830000002,-0.529412279,-1.28710147,-1.0419840329999999,0.1651556935
i,n,290,0.2941901257,-0.19969564,0.6886208926999999,1.7188040571,-0.241407748,-0.294920814
i,n,291,-0.18516582399999998,-2.593162211,-0.7091257040000001,-1.7080746530000002,-1.9660544430000002,0.1926078987
i,n,292,0.2825289116,0.1747223966,0.6984897967,1.7350914919,0.0536683459,-0.284171837
i,n,293,-0.277644107,-1.569250021,-0.828129812,-2.026995583,-1.141437187,0.2828476138
i,n,294,-0.439352191,-2.5102659480000002,-1.313198757,-3.2138052669999997,-1.8273069430000002,0.44765580920000003
i,n,295,0.0227432331,-1.9189571680000002,-0.13978804,-0.305568165,-1.501512924,-0.017911372
i,n,296,0.37982355560000003,0.8917846256999999,1.0056405164,2.4839108033,0.5838728115,-0.38371919600000004
i,n,297,-0.208203285,-2.249704223,-0.729808091,-1.7671627069999998,-1.69177681,0.2148607168
i,n,298,0.6773047525,-0.48719881,1.582607305,3.9508272863,-0.577165909,-0.678916512
i,n,299,0.45910467340000005,1.504525179,1.2588078357999999,3.1006409356,1.0380665098000001,-0.464908982
i,n,300,0.1560078519,1.1061252411,0.48807655240000003,1.1906451875,0.8161539881000001,-0.15950788
i,n,301,0.5488803577,1.1496942872,1.439147178,3.5574616362,0.7354552907999999,-0.554152915
i,n,302,-0.033761691,-0.267550554,-0.108481671,-0.264157148,-0.198571544,0.0345914848
i,n,303,-0.167555869,-0.8264125440000001,-0.487538366,-1.195492571,-0.594886822,0.1703863907
i,n,304,0.0080151755,-0.458993219,-0.027230515,-0.057640000999999996,-0.359896648,-0.006870333
i,n,305,-0.025422882999999997,-2.162337654,-0.2805272,-0.6505680229999999,-1.6770526999999997,0.0310833535
i,n,306,-0.063608014,-1.369626981,-0.292153023,-0.697046382,-1.048385097,0.06739416320000001
i,n,307,-0.283600197,-2.169840095,-0.903383472,-2.201061616,-1.60756166,0.2903712302
i,n,308,-0.437266055,0.2782871259,-1.02540244,-2.55899199,0.344380067,0.4383996874
i,n,309,0.007013254399999999,1.3545971769,0.1542600874,0.35408134880000003,1.053191015,-0.010521583999999999
i,n,310,-0.21739729600000002,-2.11092027,-0.737888467,-1.79034947,-1.58098068,0.22373718480000002
i,n,311,0.3717332772,1.5253806280000002,1.0503954365000001,2.5813172502,1.0798077494,-0.37722183200000003
i,n,312,-0.18262685399999998,0.2436427707,-0.41534533100000004,-1.039430833,0.24308889079999998,0.1827731147
i,n,313,0.3944110021,-0.192486553,0.9308408212999999,2.3216739936,-0.26503603,-0.39558383
i,n,314,-0.305716567,-1.607431899,-0.8996440640000001,-2.204192487,-1.162989575,0.3111367868
i,n,315,-0.113703395,-1.09865737,-0.385383865,-0.935147229,-0.822680813,0.1170054269
i,n,316,-0.003010768,-0.011722608,-0.008443362,-0.020761243000000002,-0.008253432,0.0030535984000000004
i,n,317,0.023143498300000002,0.6560157701,0.12228824029999999,0.2899370485,0.5042861050999999,-0.024926011
i,n,318,-0.149605058,0.0523167856,-0.35517827,-0.885407116,0.0844093886,0.1501030742
i,n,319,0.1147998605,0.18555494960000002,0.29543389789999996,0.7314061276999999,0.11104986,-0.11576162699999999
i,n,320,-0.023981627999999998,-0.750896447,-0.133929024,-0.316819117,-0.577954027,0.0260113431
i,n,321,-0.488718272,-2.327152297,-1.413581225,-3.467767387,-1.670255667,0.49676031049999997
i,n,322,0.09952648609999999,0.08069007519999999,0.24799799379999998,0.6156295749,0.0338163693,-0.10015439400000001
i,n,323,0.3973286789,1.4649152357,1.1059378523999999,2.7209328389,1.025236257,-0.402770145
i,n,324,-0.424083179,0.6573553556,-0.9551984929999999,-2.392597626,0.6358292414,0.42418761850000003
i,n,325,-0.330800943,-2.274949922,-1.0277753490000001,-2.5084219180000003,-1.675669645,0.3380414176
i,n,326,-0.087976839,-1.245285525,-0.33826264899999997,-0.8145910890000001,-0.9444117670000001,0.0915466767
i,n,327,0.34987858780000003,2.4321953921,1.0896894848999998,2.6590847365,1.792597786,-0.35760351799999995
i,n,328,-0.245756313,-1.057519788,-0.6994026959999999,-1.717836745,-0.7521017459999999,0.2495108791
i,n,329,-0.36130716,-0.96271118,-0.96821624,-2.389170633,-0.6445279620000001,0.3653066763
i,n,330,-0.066396911,-0.49111087200000003,-0.209788261,-0.511424317,-0.363203193,0.0679387671
i,n,331,-0.515004798,-0.797415628,-1.3217993890000002,-3.273105637,-0.470913388,0.5192294936
i,n,332,-0.080700759,1.9758287097,0.0059024937,-0.029010553999999997,1.5627279747999998,0.07596783019999999
i,n,333,0.3351628093,-0.358272903,0.7712669893,1.9280670569,-0.376895893,-0.335659451
i,n,334,0.016877444199999998,0.0833229918,0.0491165905,0.1204372873,0.0599842011,-0.017162761999999998
i,n,335,-0.481182204,0.6501598717,-1.093512058,-2.736783154,0.6468852746,0.481546475
i,n,336,-0.254565179,-0.40530899,-0.6544916510000001,-1.620453371,-0.24145611399999997,0.2566820639
i,n,337,-0.267196177,-0.314218508,-0.675689972,-1.6752435159999999,-0.166810514,0.2691325262
i,n,338,-0.016582603,-1.964536221,-0.239168157,-0.5519761470000001,-1.52554404,0.021697741200000002
i,n,339,0.5119978476,0.8063571364,1.3154606431,3.2571269438,0.4787562842,-0.516232795
i,n,340,0.350998614,1.5426156238,1.0021815721,2.4609030401,1.0992842123,-0.356443785
i,n,341,-0.29887522,-1.259991659,-0.8479276509999999,-2.083124975,-0.894328309,0.30337427510000003
i,n,342,0.1327893424,0.2839579419,0.34875918570000003,0.8619877946,0.1824569615,-0.134079853
i,n,343,0.5398373901,0.7286055768,1.3746575847,3.4062231901,0.4100639529,-0.5439903429999999
i,n,344,0.4265747122,0.4147816231,1.069920678,2.6544936557,0.19864339960000002,-0.42944299399999997
i,n,345,-0.129248812,-2.036725144,-0.517965142,-1.2444707659999998,-1.548903835,0.1350255665
i,n,346,0.29293414440000004,-1.070590734,0.5972825263,1.5106727791999999,-0.919472561,-0.291423014
i,n,347,-0.128885033,0.6564687334,-0.243988736,-0.621954117,0.5490004998,0.1277439702
i,n,348,-0.18508612300000002,-1.558212814,-0.603985949,-1.469212397,-1.1598473329999999,0.18987005
i,n,349,-0.36886424700000003,0.3176323472,-0.85659396,-2.139597644,0.35507070490000003,0.3696077093
i,n,350,-0.061096906,0.9583060219,-0.05004129,-0.145780267,0.764352742,0.0588941712
i,n,351,0.2910300482,1.7809725629,0.8818535831000001,2.1560626805000003,1.302464043,-0.296833852
i,n,352,0.2933367181,-0.099120347,0.6967632579,1.7368505174000002,-0.162810108,-0.294322083
i,n,353,0.5052281431,3.0483699888999998,1.5264970135,3.7329285622,2.2272700458,-0.515192097
i,n,354,0.143533537,-0.09211051199999999,0.3365133035,0.8398191554000001,-0.11363723099999999,-0.143903697
i,n,355,0.1271396089,1.7335578281,0.4821405847,1.1619882137,1.3133505536,-0.132128897
i,n,356,0.37836494,-1.30805565,0.7790539147,1.9684625563,-1.129387315,-0.376605095
i,n,357,-0.139156956,1.4115585130000001,-0.192170714,-0.509650855,1.1402162503,0.1361201967
i,n,358,-0.15286323400000001,-0.060886203,-0.374508268,-0.931026919,-0.002825535,0.1536657348
i,n,359,0.19925906899999998,-1.8672461759999999,0.2907823516,0.7652336647,-1.512736689,-0.195306124
i,n,360,0.7612005292,2.9516108911,2.1334678556,5.2461801445,2.0772021780000003,-0.771997975
i,n,361,0.0923346723,0.2039028856,0.24316307410000002,0.6008671154999999,0.1318982711,-0.093248598
i,n,362,0.3258191407,1.3172599101,0.9186580423999999,2.2579481929,0.9310783746,-0.330579154
i,n,363,-0.205855482,-1.9464925480000002,-0.6934041129999999,-1.683238611,-1.4562585959999998,0.2117243241
i,n,364,-0.048752312,-0.19823009,-0.137573222,-0.338116684,-0.140196357,0.049467451100000004
i,n,365,-0.24126852899999998,-0.332651402,-0.615084735,-1.523953317,-0.18873544399999997,0.243142621
i,n,366,-0.077290519,-0.092472401,-0.19561371600000002,-0.484953339,-0.049483253,0.07785469440000001
i,n,367,0.143102777,1.4369896287000001,0.4905317889,1.1894390041,1.0776645436,-0.147397935
i,n,368,0.3087379879,-1.496950953,0.5921284346,1.5072722775,-1.256220664,-0.306198741
i,n,369,0.07927859179999999,-2.086754257,-0.020577562,-0.00507074,-1.648724504,-0.074254789
i,n,370,0.32483817260000003,-0.728916778,0.7088044223000001,1.7807592434000001,-0.662616483,-0.324339337
i,n,371,-0.32178723800000003,-0.956899486,-0.8724010179999999,-2.150758139,-0.6515324370000001,0.3256047816
i,n,372,-0.23959090600000002,-0.364813059,-0.6143037020000001,-1.521297444,-0.21427905,0.2415404998
i,n,373,0.050699309299999995,-0.181586818,0.10374979710000001,0.26231162809999997,-0.156250899,-0.050447285999999994
i,n,374,0.3275658051,0.8534772859,0.8758374673,2.1616012055000002,0.5692798937,-0.33114218
i,n,375,0.3398877746,-0.436905196,0.7746785026,1.9382996893,-0.439529546,-0.34020245600000004
i,n,376,-0.39384266700000004,-0.174534802,-0.966688708,-2.402802176,-0.021041142000000002,0.3959556251
i,n,377,0.5602927552,-0.842589299,1.2646211614,3.1670319775,-0.8198729440000001,-0.56049725
i,n,378,-0.23127867100000002,-0.445698925,-0.602476943,-1.490064413,-0.279715002,0.2334008492
i,n,379,0.043146319100000004,-0.7486941770000001,0.0280435709,0.0863782498,-0.59582621,-0.041406005
i,n,380,-0.016144321,1.0108969001,0.0636078789,0.135996766,0.7922042308,0.0136165186
i,n,381,0.064414733,-0.8962784220000001,0.0643256457,0.1799704698,-0.717001089,-0.062385313
i,n,382,0.40275655979999997,0.0012300289,0.9705935809,2.4163572307,-0.116565129,-0.404462139
i,n,383,-0.186502902,-0.032821992,-0.452719479,-1.126361902,0.0288525831,0.18737552370000002
i,n,384,0.1323357175,-0.70491591,0.2473906667,0.6314951963000001,-0.587747975,-0.131084825
i,n,385,0.11127124960000001,-0.525605543,0.2148171602,0.546434025,-0.441917812,-0.110391799
i,n,386,0.5038286104,0.1472398037,1.2289393759,3.0563037613,-0.032315403,-0.506336375
i,n,387,-0.15969483,0.5222085152,-0.331841485,-0.837701998,0.4534013882,0.15902878539999998
i,n,388,0.1949794534,0.2117661454,0.4912898988,1.2184283577,0.10807230400000001,-0.19634744399999998
i,n,389,0.1646831754,1.0661809975,0.5049298297,1.2334865815,0.7825058006000001,-0.16811729399999997
i,n,390,0.0791735382,0.732281385,0.2650299831,0.6436191092,0.5473479504,-0.08138874
i,n,391,0.0532203449,0.21448097989999998,0.1499871459,0.36866284969999996,0.1515521155,-0.053996103
i,n,392,0.012676837600000001,-0.5482675220000001,-0.025050674,-0.050238332999999996,-0.43080200399999996,-0.011322438
i,n,393,-0.11960532,0.19326912440000002,-0.268598807,-0.6729772279999999,0.18545806609999999,0.11961455609999999
i,n,394,-0.141762826,-1.479434088,-0.491607113,-1.1911772520000001,-1.111119968,0.14616132
i,n,395,-0.099700455,0.4487899859,-0.194725941,-0.494715875,0.3787018104,0.0989693625
i,n,396,0.40993372009999995,0.30072745289999997,1.0182575789,2.5283963688999997,0.1146504723,-0.41243876399999996
i,n,397,-0.063401098,0.3779144194,-0.11444725900000001,-0.293286741,0.31289735739999996,0.0626985834
i,n,398,-0.8024646009999999,0.0412185414,-1.929412382,-4.804366205,0.26626653899999997,0.8057507054999999
i,n,399,0.3146822564,0.4724690071,0.8061580415999999,1.9965556012,0.27623206899999997,-0.317225722
i,n,400,0.1571124886,0.33636380439999997,0.4126815812,1.0199694201,0.2161839393,-0.15864039300000002
i,n,401,-0.6490573000000001,-1.460898724,-1.712087503,-4.2300885180000005,-0.948653612,0.655552489
i,n,402,-0.23517702,-0.012641022,-0.567956596,-1.413701997,0.0587766341,0.236203558
i,n,403,-0.059791625999999994,1.9045872862,0.0490603025,0.08001075120000001,1.5011293452,0.055153268
i,n,404,-0.172527099,-2.115425894,-0.630227616,-1.522217943,-1.59758359,0.178688896
i,n,405,0.1176302502,-0.109954465,0.2722881595,0.6803192987000001,-0.119979241,-0.117845095
i,n,406,0.201561002,0.32948484149999996,0.5190856928,1.2850246738,0.19785523370000002,-0.20325912100000001
i,n,407,0.2571852538,1.4627956758,0.7680379712000001,1.8797460384,1.0644786006,-0.26202890100000004
i,n,408,0.6026545747,0.8188537951,1.5351712941,3.8038409456,0.46203783950000005,-0.6073048129999999
i,n,409,0.17667890960000002,-0.076230715,0.4179895647,1.0423107453,-0.11093853099999999,-0.177229953
i,n,410,-0.203996856,-0.617983291,-0.55420986,-1.366088016,-0.421886084,0.2064461525
i,n,411,-0.245377475,-1.359813604,-0.7291435740000001,-1.7851927280000002,-0.98770057,0.24990674780000002
i,n,412,-0.040117796000000004,1.4253263216999998,0.047866869000000006,0.0876408474,1.122042065,0.0366270491
i,n,413,-0.087747965,-0.036661462,-0.215152194,-0.534830767,-0.0029548179999999997,0.08821301720000001
i,n,414,0.19451833989999998,1.2242294013,0.5928463475,1.4488670267,0.8969204137000001,-0.19848444699999998
i,n,415,-0.138221499,-0.209324747,-0.35428024700000005,-0.877383887,-0.122732269,0.13934330890000002
i,n,416,0.0405300531,1.8148927632,0.2816967354,0.6611651789999999,1.4019832895,-0.045362122000000005
i,n,417,-0.376746821,-1.189820838,-1.028448896,-2.534101853,-0.816942182,0.3813948299
i,n,418,0.10707481419999999,-0.359112545,0.2215885767,0.5596092779999999,-0.310994489,-0.106605189
i,n,419,0.2654903459,0.3636828726,0.6765955273,1.67640383,0.20584124010000002,-0.267546512
i,n,420,0.0791619596,0.1701457898,0.20799944760000003,0.5140706522,0.109445101,-0.079933515
i,n,421,-0.283210093,0.9461560089,-0.5864699170000001,-1.481001269,0.8196998819,0.28197741579999996
i,n,422,0.2180085252,-1.093156863,0.4144559496,1.056007903,-0.915188578,-0.21612273899999998
i,n,423,-0.545961406,-0.10955107800000001,-1.3266393859999999,-3.300370845,0.07396933650000001,0.5485504761
i,n,424,-0.31775787,-0.6129481689999999,-0.827814047,-2.047362871,-0.38476853,0.3206750948
i,n,425,0.45230916109999997,2.2275071305000003,1.3157466483,3.2264031151999997,1.6032557061000001,-0.459941406
i,n,426,-0.322642198,-0.130944014,-0.790706151,-1.965641199,-0.00785983,0.3243422534
i,n,427,-0.23326208199999998,0.4362485994,-0.517823351,-1.298819992,0.40790495109999997,0.2331277507
i,n,428,-0.5717739310000001,-0.7845782609999999,-1.4572866519999998,-3.6106979439999995,-0.444347933,0.5762056177
i,n,429,0.3688302568,0.8287026342,0.9727546801000001,2.403433781,0.5379394647,-0.372517431
i,n,430,-0.25959893,-0.759946117,-0.70258233,-1.732335081,-0.51625124,0.26264782059999997
i,n,431,0.7754313537,1.5980828367,2.0305052090999998,5.019784973399999,1.0186450469,-0.782813012
i,n,432,0.4858303982,2.3798108993000002,1.4119624773,3.4625725513,1.7121196355000001,-0.49399546
i,n,433,-0.622952865,0.1914531983,-1.4816325030000002,-3.6928990760000002,0.330918969,0.6250943757
i,n,434,0.3780187654,2.1848144531,1.1324097782,2.7709130149,1.5916756591999999,-0.385227353
i,n,435,0.198924858,-0.033994289,0.4758755946,1.1854892165000002,-0.08452746900000001,-0.19967839899999998
i,n,436,-0.668268719,-1.324692018,-1.744566835,-4.313961781000001,-0.836942115,0.6744953263
i,n,437,-0.39743103399999996,-0.571073748,-1.0155456379999999,-2.51566467,-0.328899738,0.40057749460000003
i,n,438,0.1417183316,-0.284752691,0.3126048126,0.7845579567000001,-0.263176707,-0.141586102
i,n,439,0.09625821359999999,0.7727890934999999,0.3103042825,0.7554377245999999,0.5739183783,-0.09864965699999999
i,n,440,0.0236165722,0.1580227841,0.0729298063,0.17807017739999997,0.11620922449999999,-0.024122209
i,n,441,-0.088086679,0.14690181289999998,-0.197354351,-0.49458177700000006,0.1401406576,0.0880817617
i,n,442,0.19518268260000002,0.0412328827,0.4744868872,1.1803678717000001,-0.024833197999999997,-0.196113593
i,n,443,-0.147130009,0.1757298146,-0.336699937,-0.8421334570000001,0.17982649609999998,0.1473006321
i,n,444,-0.052127083,2.8959275272000005,0.1680541103,0.35432861460000004,2.2711514833,0.044910508200000004
i,n,445,-0.349657925,-0.09287068400000001,-0.851941574,-2.118934753,0.0296825898,0.35137439909999996
i,n,446,-0.43988162,-0.346018393,-1.095011716,-2.7184812089999997,-0.141193604,0.44262956130000003
i,n,447,0.0179610024,1.6519835416,0.2107954994,0.48825340729999994,1.2816618435,-0.022279313
i,n,448,-0.09611646300000001,-1.205494928,-0.353840703,-0.854254295,-0.911039587,0.0996185216
i,n,449,0.29179648129999997,0.357406691,0.7393454909,1.8327646233000001,0.193276003,-0.29394772399999997
i,n,450,0.3218039963,-0.329081562,0.7420381468,1.8546533781999999,-0.35025763600000004,-0.322319136
i,n,451,0.006701429599999999,0.184911656,0.0348982709,0.0827922938,0.1420915751,-0.00720462
i,n,452,0.0916112083,-0.350529789,0.1851983079,0.46882241420000004,-0.299796241,-0.091098261
i,n,453,-0.022046901,-0.678953785,-0.121971915,-0.288642138,-0.5224749089999999,0.023883684500000002
i,n,454,0.3969991126,0.23486710379999998,0.9804122938,2.4356337877,0.067119241,-0.39928035
i,n,455,0.0252970363,0.10338952039999999,0.0714389811,0.17556711600000002,0.0731593044,-0.025669475
i,n,456,0.5126794165999999,0.9181901071999999,1.3284432077,3.2869745176999996,0.5656758055,-0.517204439
i,n,457,0.7330273751,2.0658845935,1.9757668231,4.8731608047,1.3954381503,-0.7414311379999999
i,n,458,0.0452092891,-2.082370491,-0.10222529400000001,-0.208437453,-1.635368196,-0.040052735
i,n,459,-0.21701717399999998,-0.018773609,-0.524821099,-1.306176448,0.0487003244,0.2179827001
i,n,460,0.22300997309999998,1.1699163369,0.6559912959,1.6072737489,0.8462965001999999,-0.226957033
i,n,461,-0.09396103800000001,-0.200470707,-0.246733874,-0.60983288,-0.128750019,0.0948730242
i,n,462,0.2214654063,0.6282230581,0.5973398497,1.4732376969,0.4247656318,-0.224014837
i,n,463,-0.147277061,0.1320807199,-0.341480447,-0.853069469,0.14586655869999998,0.1475603984
i,n,464,-0.121349632,-0.18485632800000001,-0.311145167,-0.770536271,-0.10859442400000001,0.12233728949999999
i,n,465,-0.41099915600000003,-2.077220647,-1.200967822,-2.94397472,-1.498235994,0.4180708419
i,n,466,-0.20942413199999999,0.9081609205,-0.412530556,-1.047122339,0.768570979,0.207977141
i,n,467,0.2513211897,0.1793233662,0.6237592600999999,1.5489409858,0.0663588554,-0.252844018
i,n,468,-0.169848162,-0.425913504,-0.45244971,-1.1169950929999999,-0.282227333,0.17165986809999997
i,n,469,-0.219599044,-0.303759565,-0.559940923,-1.387306673,-0.17255167,0.2213073447
i,n,470,-0.08998673800000001,-1.3715998130000002,-0.35591437200000003,-0.855742648,-1.042224698,0.09388945380000001
i,n,471,-0.60468609,-0.45949974299999996,-1.5036265309999999,-3.733256195,-0.18150658100000003,0.6084220734
i,n,472,0.12060219470000001,1.2387259328,0.4162104572,1.0087946223,0.9297818197,-0.124293092
i,n,473,0.18058345850000002,0.9715826918000001,0.5336500050999999,1.3070806885,0.7041736212999999,-0.183841852
i,n,474,-0.356171533,-1.442324745,-1.0044761979999999,-2.468834164,-1.01964771,0.3613810167
i,n,475,0.1301913077,-0.654628207,0.2473229278,0.6302141892,-0.547947889,-0.129060493
i,n,476,-0.529556149,-0.285842952,-1.304986473,-3.242564292,-0.06814986099999999,0.5325286031
i,n,477,-0.222934491,0.5363380767,-0.482788885,-1.21381236,0.4828615522,0.22249946980000002
i,n,478,0.1489547871,1.4488757208,0.5058378923,1.2272820743000001,1.0852162628,-0.153305205
i,n,479,0.0444404083,-0.695859329,0.0365194152,0.1063109572,-0.555045232,-0.042841247
i,n,480,0.0970209989,-0.38207727,0.1950345284,0.4940084456,-0.325950438,-0.09644990199999999
i,n,481,0.4485183521,0.7119807015,1.1529324348999999,2.8545852194,0.4237597584,-0.45224261299999996
i,n,482,0.08896055720000001,-0.5244394929999999,0.1611762973,0.41286423479999995,-0.434499252,-0.087989795
i,n,483,-0.6851866999999999,-3.112876975,-1.9666604319999998,-4.827330091,-2.225009843,0.6960769817
i,n,484,0.18428165489999998,1.0550218945999998,0.5510221016,1.3484844874000002,0.768094022,-0.187769957
i,n,485,0.0725559995,0.25108746519999997,0.20028973170000003,0.4930861543,0.1744266425,-0.073507495
i,n,486,0.075491756,-0.30673186399999997,0.1507986824,0.382212485,-0.26097384,-0.075023148
i,n,487,0.1711467996,-0.0030982229999999998,0.4120754819,1.0259693853,-0.052353725999999996,-0.17186226699999999
i,n,488,-0.269225413,0.1550425563,-0.6329947370000001,-1.57932976,0.1993381507,0.2699652496
i,n,489,-0.12070034699999999,0.4480865236,-0.24539791600000002,-0.620852984,0.3842815242,0.120059825
i,n,490,0.1709097746,0.4713720387,0.45961740009999996,1.1338341917,0.3173299656,-0.172842708
i,n,491,-0.349335857,-1.962164714,-1.040718883,-2.5475648840000003,-1.426600081,0.35585142700000005
i,n,492,0.6014026181000001,2.6856926903,1.721459015,4.2263273174,1.916679289,-0.610841717
i,n,493,-0.21243262100000002,0.06507767,-0.505271481,-1.259360619,0.1126830976,0.21316343350000003
i,n,494,0.14471495210000002,-1.334404008,0.21338683,0.5607637207,-1.081734343,-0.141899823
i,n,495,0.2109647668,1.3145534404,0.6416343055,1.5683312888,0.9624842328000001,-0.215232349
i,n,496,0.3806173238,0.6510012272,0.9831368235,2.4332118668000002,0.3960698111,-0.38389797299999995
i,n,497,-0.6100975270000001,-1.829432814,-1.65558205,-4.081260873,-1.247111734,0.6173744532
i,n,498,-0.5320967320000001,0.4858990271,-1.232850677,-3.080046359,0.5337820455,0.5330980467
i,n,499,0.0970089061,0.6381654756,0.2984617916,0.7289326014,0.46882690740000005,-0.09905780199999999
i,n,500,0.0111349855,0.6268717575,0.090397615,0.2111869893,0.48508683770000005,-0.012791896
i,n,501,-1.897424639,1.804456575,-0.44254353399999996,-0.888278875,1.0703724477,1.6146873355000002
i,n,502,1.7760624508,-1.940720581,0.22070942219999998,0.3097082111,-1.1584534340000001,-1.5695201980000002
i,n,503,-1.574759359,2.0500805777,0.9693573874,1.4876999161000002,1.0866977092,-1.1497863179999999
i,n,504,-2.615460051,0.2834158187,-0.9025206720000001,-2.548308296,-0.195071272,0.9291248259999999
i,n,505,2.0061025575,0.1332842172,0.6261447827000001,3.0147729443,0.3860751096,1.8247660608
i,n,506,6.8678026163,-2.3237998280000003,0.19546351010000002,2.0614384218,-0.306794913,-0.496631615
i,n,507,-3.6461174560000003,2.3161172917,0.7415363979,0.7558926417,0.8537433483,-0.35918384600000003
i,n,508,0.026136270299999997,-1.561914721,-1.343244574,-2.522901877,-0.984989005,1.8388364143
i,n,509,-2.834890192,-1.5856493759999999,-0.213019292,-1.097571331,-1.885032246,0.24010055789999998
i,n,510,-0.494484076,-1.629400855,-1.18565213,-2.396579141,-1.188009573,1.5264216743
i,n,511,0.8158919997,-3.02014236,-0.246707464,-0.66642207,-2.161509801,-0.666467485
i,n,512,2.8875732076,-0.707477839,1.5914399913,3.2230915624,-0.18110451800000002,-3.36108446
i,n,513,1.3366649402,0.5830932106000001,-0.21735334,0.3898667353,0.7957614217,1.2964858939
i,n,514,1.8305052536000002,-2.6952373780000003,-0.33728619200000004,-0.7385661170000001,-1.641597014,-0.8352066640000001
i,n,515,3.2946146782,-3.678626468,-0.890199952,-1.611021808,-1.973625344,-0.50698006
i,n,516,0.3079107612,0.8245444309000001,-1.2256445059999999,-2.334938892,0.9728354665000001,1.6070789459
i,n,517,-3.937191284,1.2340628103,-1.491815277,-4.262406311,0.38681449770000004,1.2834690173
i,n,518,0.9837565762999999,0.40932566859999997,1.9003830865,4.1709136483,0.17198371070000001,-2.0107428780000003
i,n,519,3.2587933731,-1.86430679,0.8875303915,2.2847880162,-0.8994948309999999,-1.8185011519999998
i,n,520,1.0442215129999999,-0.7720441859999999,0.23107089719999999,0.1022036471,-0.39226773200000004,-1.598446131
i,n,521,-1.918628714,-1.021306159,-0.987018739,-3.179043524,-1.030758421,-0.352719634
i,n,522,-2.1413790809999997,0.3630600175,0.2509604941,0.1711392772,-0.26480539399999997,0.1448038469
i,n,523,-0.20301965,1.8131940377000002,0.7197407334999999,0.9566236786,1.2822504355,-1.633738684
i,n,524,-1.26501752,-1.4633832119999999,-1.12709064,-3.264897667,-1.206980588,-0.150838622
i,n,525,-1.227090631,0.9669428568999999,1.1706955589,2.1739147858,0.2507171067,-1.0600234020000001
i,n,526,-1.7837853940000001,1.1906756,0.2915273638,0.6814648112999999,0.4560519088,0.8414093012
i,n,527,1.1924283267,-0.366819003,-0.321848183,0.5872117949,0.0014610043,2.266250606
i,n,528,0.19104485710000002,-1.794067729,-0.7369853959999999,-1.131814985,-1.259661268,1.3744466546
i,n,529,-5.08020514,3.2886171286000003,-1.555349238,-4.582447271,1.7749636275,1.6826941284
i,n,530,1.8664165894999998,0.0838414441,0.7242632027,2.0221541642,0.35019883420000003,-0.653195285
i,n,531,-0.6240066999999999,0.0116313821,-0.07397032099999999,-0.694708544,-0.10165469,-0.7066655479999999
i,n,532,-1.652415409,2.9109879383,0.11781135279999999,0.6425775871,1.8847564077,1.7221581637
i,n,533,0.1437904395,2.0267781183,1.3814376273,2.7487509881,1.383703016,-1.637352977
i,n,534,7.313677597100001,-0.157864771,2.3511787716,6.678645660700001,1.0926939168,-2.55887654
i,n,535,-1.187146101,1.8770169499,0.1400713545,0.1288875632,1.1928428070000001,0.2507830225
i,n,536,0.2629550638,-1.048241211,-0.504173878,-0.835969422,-0.683206915,0.7576608869
i,n,537,1.2154852221999999,0.071037982,0.1531606586,1.267602857,0.2761997095,1.1595637438
i,n,538,1.3719191357,-0.773841508,0.4560730618,0.7719708488,-0.36916360200000004,-1.58877287
i,n,539,-2.690438102,1.8506335778999998,-0.6721356940000001,-2.4274672109999997,1.0117785587,0.0950900467
i,n,540,-1.327882148,-1.608750584,-1.005852128,-3.1524644580000003,-1.3564738969999999,-0.539332336
i,n,541,1.5567633569,-0.969518243,0.6759939240999999,2.1243682037,-0.5683708479999999,-0.09673857
i,n,542,-1.6947556719999999,0.1849482128,0.0486170035,-0.242892076,-0.25797356,0.1286738446
i,n,543,3.4500269231,0.2999795894,0.6467943439,2.1836301443,0.9090332679,-0.713126444
i,n,544,-1.9082049209999998,-2.1518936419999997,-1.2806916320000001,-4.0735314780000005,-1.8601142990000001,-0.7034891520000001
i,n,545,-2.234037795,1.3529150181,0.1332369232,-0.515201647,0.5500550165,-0.524313405
i,n,546,-5.625317867000001,1.4321538227000001,-0.20328260399999998,-1.645476977,-0.12356875699999999,0.6932309267
i,n,547,5.6525927177,-1.8234019030000002,1.6047724231,4.7706934839,-0.47682658200000005,-1.760794297
i,n,548,0.8368527194,-1.931636396,-0.181806114,-0.507895023,-1.2993621579999999,-0.6278135420000001
i,n,549,2.5969653275,0.2516295779,0.2515852059,1.4102174329,0.7402558221,0.23233191739999998
i,n,550,-3.664310638,1.0151310334,1.4420441233,0.9866441959000001,-0.274902311,-3.6658584530000002
i,n,551,6.3167675682,-1.042492134,0.1005306797,2.7432990758,0.5615646681,1.7623262007
i,n,552,4.2104301945,0.8493277468000001,1.0363544545999999,3.8310597892000002,1.4148002074000001,0.2359090489
i,n,553,2.2066547627,-0.5596202370000001,0.5462564797,0.921513646,-0.010828233,-2.175381094
i,n,554,0.9070563466,-1.646809115,-1.034640898,-2.210130628,-0.8850534940000001,0.3877641205
i,n,555,1.3453498278,0.1689852043,-1.001990963,-1.42475751,0.6340387651,1.7091576497
i,n,556,-0.14956997,0.050310270899999995,-0.032435953,-0.175351643,0.015604818999999999,-0.10664258900000001
i,n,557,-4.58105533,2.4809308123,0.8957797443000001,1.0292376909,0.7290395716,-0.126114275
i,n,558,0.5825912858,-0.197810097,-0.19401786699999998,-0.504987005,0.027701072599999998,-0.31702486
i,n,559,0.2002349963,-2.094047522,0.5522707423,0.3815357307,-1.7023523369999998,-2.376968517
i,n,560,-0.650897331,0.060783879299999996,0.7092143271,1.3758597242,-0.24866835,-0.602581377
i,n,561,-2.063100312,-0.68157127,-0.417138386,-1.4089653530000001,-0.9375091059999999,0.34451045280000003
i,n,562,-3.527909053,-0.665765532,0.067166397,-1.037942353,-1.349019432,-0.7059609059999999
i,n,563,-2.253776571,0.3390094692,-0.41900827399999996,-1.298997253,-0.172102058,0.7415130121
i,n,564,0.4019221732,2.0003072512999998,-0.8959339590000001,-1.006300609,1.8392061043999999,2.6033025932
i,n,565,3.5061626151,0.027766932200000004,1.2819778361,4.1816188131,0.543640077,-0.037472054
i,n,566,-5.421790774,0.36069280159999995,-2.684927837,-7.469055354,-0.39739844399999996,1.7508955859
i,n,567,-0.215331778,1.5357384687,0.6144854012,1.4253216030000002,1.0453793236,-0.130863281
i,n,568,3.8304840363999997,1.7005272827000002,0.9194952601999999,3.6238468501999996,2.0255634506,0.6796767887999999
i,n,569,0.43431207829999996,-2.51588009,-1.897814829,-4.511691609,-1.496733111,0.4395974722
i,n,570,1.8565228219999999,-0.114077695,-0.60205426,-0.302423198,0.43699541119999996,1.6060239338999998
i,n,571,-2.74312805,-0.875093331,-0.221551953,-1.251871157,-1.285608758,-0.032119794
i,n,572,-0.9385521440000001,-0.68876859,-0.580863962,-1.338842527,-0.656018655,0.7757951595
i,n,573,0.4510289315,-0.060476132,0.9531113865999999,1.4498380941,-0.105905369,-2.314979771
i,n,574,1.0974700579999999,-2.464077437,-0.154407607,-0.034080264,-1.687700037,0.0276111622
i,n,575,-1.656046479,-0.13935279,-0.49480480200000004,-1.864766585,-0.374465239,-0.350479492
i,n,576,-2.658157464,1.3944086156,0.4356934098,0.5485205549000001,0.3978336747,0.2692206821
i,n,577,1.4952917432,0.0907698387,0.9044287714,2.7337343130000002,0.2126790341,0.0384342835
i,n,578,-0.18734772800000002,0.10446753880000001,0.5027235999999999,-0.079933187,-0.009620869,-2.7194224439999997
i,n,579,1.6166184505,1.967777279,0.4121555765,2.0238395724,1.8292667981,1.2484817538
i,n,580,-1.034061848,0.3996040916,0.9389322606999999,1.7335472341999998,-0.11149489,-0.868748967
i,n,581,4.8047796755,-2.195313435,0.7564175395,2.4175299791,-0.780921245,-1.66869449
i,n,582,2.4119791162,-0.510478903,0.8432229890999999,2.1110579574,-0.009129586,-1.418533756
i,n,583,0.5622898635,-2.555598055,-0.417463895,-1.6953456409999998,-1.78442557,-1.7054656240000001
i,n,584,3.9113727026,-1.08316761,0.9032202693000001,3.5093987773000004,-0.175825633,0.31432168309999997
i,n,585,0.42453031799999996,1.8817452503999998,1.8512741188,4.5471048878,1.2013450499,-0.602240101
i,n,586,8.0712727841,-1.956151854,0.6806341187,4.1144553694,0.1321239325,0.5361831796000001
i,n,587,0.4392631079,0.9522713429999999,-0.009818012,0.3189368641,0.8548970461,0.5380993456000001
i,n,588,5.601597197,-1.4866004730000002,1.1205413596,3.5379482319,-0.110756375,-1.670256444
i,n,589,0.5609021769,0.0125181001,0.4195299557,0.7738163491,0.0664353472,-0.9255111109999999
i,n,590,-2.90088142,1.7378412002,-0.321981946,-1.270645709,0.7787306934999999,0.7070355436
i,n,591,-0.897867491,0.6876101126999999,-1.4192281180000001,-2.841976209,0.6137922195000001,2.2057558867
i,n,592,1.5233920903,1.5555075469,2.0483061469,5.1819687530000005,1.157091812,-0.9324488559999999
i,n,593,-1.724083593,0.21720087829999998,-0.505447855,-1.0914714559999998,-0.14174509400000002,1.3429039769
i,n,594,-1.905814304,1.1715920651,-0.216963935,-1.30476558,0.5586888154,-0.46490808299999997
i,n,595,-1.001729151,-0.9482838029999999,-0.36140597799999996,-1.685990806,-0.8849001240000001,-1.0780316429999999
i,n,596,-1.805526666,-0.074735575,-0.38548959299999996,-1.376641286,-0.393823525,0.1492723213
i,n,597,5.2550968777,-2.019557315,-0.010175678,0.9476080463,-0.38135774899999997,-0.8368052440000001
i,n,598,-1.521368795,1.0345348871,0.1334506563,-0.20740062199999998,0.4539273138,-0.282806083
i,n,599,-2.018390906,-0.243842003,-0.351605459,-1.5826118319999998,-0.574585196,-0.352068889
i,n,600,-0.5053319470000001,0.2635082146,-0.061577532000000004,-0.5423400660000001,0.1202656623,-0.505976391
i,n,601,0.8653370161,-0.675072837,-0.14154496800000002,0.1857327486,-0.324083468,0.6409745538
i,n,602,2.8910375492,0.8724332064,0.7023867012,2.5133812763999996,1.2095736382,-0.010322563
i,n,603,-2.762236865,-0.7448332209999999,-1.417531081,-3.832035442,-0.939403422,1.0411387587999998
i,n,604,0.7233966234,0.6166023817,-0.6033642570000001,-0.327648409,0.7472760037999999,2.1895190029
i,n,605,-0.21456634800000002,0.8137713953,0.2819204326,0.5365374442999999,0.5444662688,-0.233465481
i,n,606,1.4514236254,-1.805242377,0.12919180460000002,-0.505524769,-1.0804706370000001,-2.575460466
i,n,607,0.5145567386,-0.154616538,-0.681936518,-0.8329707209999999,0.1114389323,1.6313304002000002
i,n,608,0.038030002599999994,0.2196708033,0.484322817,1.5594272863,0.0604819859,0.6181486806000001
i,n,609,0.0354986714,0.38478224380000003,-0.298958971,0.0704237775,0.343867637,1.7311941038
i,n,610,-2.81216409,0.8848159156000001,-1.679973984,-4.979047584,0.4349811608,0.2149880438
i,n,611,0.4884880113,-1.5672601830000001,0.18277822940000002,-0.702402028,-1.12049244,-2.751514147
i,n,612,-0.349837241,-2.2878397319999997,-0.624078184,-2.197782708,-1.746898436,-1.1536584140000001
i,n,613,1.0812479163,1.5033152766,0.6189174008,2.2267086192,1.296170297,0.8148233401
i,n,614,3.2554249641000004,0.6960573287999999,0.0268222404,1.3140083824,1.2840022635,0.9145983549
i,n,615,1.3697484236000002,-1.2990220270000001,-0.027341255,-0.153962667,-0.696039843,-0.955443477
i,n,616,-2.17269496,0.8624382647,-0.022616353,-0.658953834,0.1952548389,-0.056160141
i,n,617,-4.654601392,0.9234650882,-0.25108612199999997,-1.786810408,-0.282661865,0.1267190515
i,n,618,5.8088407099,-0.130210062,1.9983956235,5.213376783399999,0.8549750956000001,-2.9115574439999996
i,n,619,-2.750284368,2.3650148734,-0.8901502029999999,-1.973232209,1.4094114594999998,2.2393239481
i,n,620,-0.171792355,1.6912927681,-0.475945931,-0.43817783,1.3817984311000002,1.8174901187999999
i,n,621,3.3057570047000002,-0.600277151,-0.559838238,0.1300712738,0.37561177170000004,1.4912389079
i,n,622,-1.50314331,-0.531457747,-0.984569257,-3.1868524239999996,-0.537340394,-0.5639882829999999
i,n,623,4.2836029859,-1.311809287,0.28204860309999996,1.6441684984,-0.11485201099999999,-0.415915185
i,n,624,-5.020890463,0.6929062555,-1.0267027640000002,-2.958213684,-0.420652475,2.0097368586
i,n,625,-1.172252772,1.9574736603,-1.366086237,-2.408569967,1.5371612769999998,3.0312329926
i,n,626,-2.404480086,0.023540327200000002,-2.152231684,-5.147066198,-0.09872773900000001,2.105761599
i,n,627,0.48882343229999997,1.1789629739,1.5639019343,4.2198839994,0.6996115649,0.171815263
i,n,628,0.8728191674,-0.6241236729999999,0.6005784703,1.6539275613999997,-0.428098863,-0.285758235
i,n,629,-2.748070857,0.19312410579999997,0.14071587119999998,-1.028540311,-0.47957009899999997,-1.421876722
i,n,630,-3.415960829,2.5063589959,-0.243513946,-1.4467928469999998,1.2689094336,0.2453152928
i,n,631,1.8202138588999999,-0.389775173,1.6353816176,3.8278638827999996,-0.220330503,-1.789945313
i,n,632,-1.1365391459999998,-0.857121517,0.33729912700000003,-0.023197053999999998,-0.9962981540000001,-1.302004881
i,n,633,1.3352671509,-0.23122621100000001,-0.398518948,-1.154980001,0.23646644379999998,-0.9517422940000001
i,n,634,0.2210201775,0.9533939673,0.2106747352,0.18140406120000002,0.7866919183,-0.7969058529999999
i,n,635,-0.7428455540000001,1.660526896,0.4861612621,1.0352383413,1.0487086045,0.029816260600000002
i,n,636,-2.666232692,2.5412092191999998,0.8634993153,1.9307393738,1.2035389955,0.906645241
i,n,637,4.1553820898,-0.92736291,0.565498226,1.8715412366,0.12170107279999999,-1.360494829
i,n,638,-3.492818119,-0.130851739,-0.06705338200000001,-1.4452014530000001,-0.878954453,-0.8121357290000001
i,n,639,0.2473520266,1.1733455581999999,0.0693370966,0.548606054,0.9659686124,0.7011146774
i,n,640,0.6108712303,0.5837535191,0.2139428793,0.9409397939,0.5488652303,0.51372174
i,n,641,-1.054346202,0.43658654880000003,0.079462576,0.5734628287,0.056976247699999996,1.3201490018000002
i,n,642,1.5992237398,-2.169166722,0.042115778099999994,-0.038416755,-1.34934919,-1.259673973
i,n,643,1.8109423477000002,-3.275302136,-0.232272759,-0.424125377,-2.136566104,-0.774985067
i,n,644,-5.249322556,-0.866427752,-1.129774307,-4.541334336999999,-1.637751885,-0.660272608
i,n,645,3.2542863583,-2.7309667269999998,0.3721942708,1.5724539519999998,-1.507294034,-0.600423234
i,n,646,3.8211447088,-4.029875738,0.5913964461,1.1012978395,-2.408750019,-3.095491267
i,n,647,2.4036528918999998,1.2893043312,1.3237146043,4.043115915,1.2873556611,0.10481830380000001
i,n,648,0.1045554136,1.1917652001999999,1.4306370623,3.3469847358999996,0.6719229427,-0.708254831
i,n,649,-0.497992636,-0.919951528,-0.38284042700000004,-1.266364603,-0.757542095,-0.36437824799999996
i,n,650,-1.584660189,-2.221479656,-0.126472198,-1.247287802,-2.091177685,-1.20570493
i,n,651,-2.915176278,-1.026362362,-1.749226589,-4.061314523,-1.157015619,2.3878902037
i,n,652,-3.1778696369999997,1.5634378947,0.17573002640000002,-1.090974399,0.5120730337,-1.427203298
i,n,653,-0.6210610529999999,2.0233351038,0.6720858990999999,1.8338381113,1.3113225692000001,0.6381435072
i,n,654,-2.9488417819999997,0.3188359734,0.6935727654,0.6043248099,-0.563005051,-0.899521107
i,n,655,-0.143201499,-1.092964904,-0.388527743,-0.951110089,-0.824217981,0.1165342349
i,n,656,-0.913004082,1.0403830837999999,-0.15867696,-0.356445387,0.6438432941,0.64580859
i,n,657,-0.668720238,0.1257571251,0.3996004763,0.45219328649999996,-0.12485801699999999,-0.8384948329999999
i,n,658,0.2304195993,-2.564389149,-1.249361476,-3.011043842,-1.723810929,0.17683588600000003
i,n,659,-1.831660184,2.6358747277,0.20945691649999998,1.0063703659999998,1.5939974249000002,2.0551851665000003
i,n,660,-1.945898885,-2.252963275,-0.942245626,-3.18364403,-2.02766507,-0.662847281
i,n,661,-2.141900251,2.8807527955000003,0.8528470031000001,1.3328258111,1.6328870984000001,-0.506125335
i,n,662,-1.205879289,-0.87436633,-0.991842751,-2.794992763,-0.757545687,0.1005851308
i,n,663,0.6048676722999999,-0.27864947,-1.856079728,-3.1713608719999997,0.2668686052,3.0106880326
i,n,664,0.515211568,-0.38736729200000003,0.785430173,2.0216225241,-0.36228888,-0.313762518
i,n,665,-2.486524357,1.2251471456999998,-1.474457335,-3.950978357,0.7162010276,1.0823215073
i,n,666,-2.014776431,-0.586677142,-0.31964615,-2.202566144,-0.821573952,-1.811020585
i,n,667,4.0977370877,0.17086312329999997,1.6473956672999999,5.1587935926999995,0.7178230056999999,-0.268870983
i,n,668,0.8076907297,-1.548324711,-0.663468276,-1.43298668,-0.90581173,0.0693063995
i,n,669,3.6796084783,-0.277177748,2.0649629738,5.3797033057000005,0.20397477320000001,-1.839815585
i,n,670,0.8960629687999999,-2.9441460360000002,0.22242832989999997,-0.202724596,-2.1514918169999997,-2.2369495230000003
i,n,671,-2.641041435,0.8724816182999999,-0.27266877100000003,-1.796969635,0.1695948405,-0.8170772409999999
i,n,672,0.0304969857,0.6244231066,-1.155453112,-2.186887868,0.7307753312,1.6680423642
i,n,673,2.1294586934,1.0278811003,1.4320736916999999,3.4242510221,1.0300053111,-1.608187813
i,n,674,1.3684128824000001,2.6728990563,1.8042966322999998,4.3433843767,2.0791180685,-1.20454067
i,n,675,1.5138426579,0.5734527183,1.4237701031,2.5248370715,0.56045545,-3.114114617
i,n,676,-1.1910862340000001,1.7860130675,-0.456785725,-1.1965543029999999,1.2439179072,0.6964326461
i,n,677,7.6469951741,-3.3083959039999997,1.0880280311,4.7982461623,-1.128240323,-0.089483878
i,n,678,3.325158091,-0.404342773,0.5738243990999999,2.3395895355,0.31480078559999997,0.0109544847
i,n,679,-0.6905242909999999,-1.8556612140000002,-0.7426591990000001,-1.943664605,-1.4840101730000002,0.19489842649999997
i,n,680,-0.824608225,-0.153184134,-0.7367570179999999,-1.885530874,-0.157285555,0.4589941139
i,n,681,0.9162125185,0.4216726503,1.3433028023,2.20214168,0.3171827157,-3.05039571
i,n,682,1.5985889224,-3.019724638,0.7103990595999999,1.2561182792,-2.161054285,-2.203458126
i,n,683,-2.195274743,-0.413071554,-1.234210708,-3.289679159,-0.580628832,0.9092515864
i,n,684,2.9080364672,-0.868382683,0.5287084286,1.9014637368,-0.132530994,-0.460538844
i,n,685,-2.38508075,0.5250290663,0.0963856657,0.1644500348,-0.178357687,1.0840914983
i,n,686,-1.326237827,-0.332586376,0.9337457498,2.045990649,-0.78324879,-0.099384913
i,n,687,0.7807869765000001,-0.54647309,-0.19981616800000002,0.2491079216,-0.238818337,1.1301853052
i,n,688,2.7031771233999997,-1.908327916,0.7928024158,1.9529744324,-1.044379439,-1.71273827
i,n,689,0.0920924395,-0.478139036,-0.074759189,-0.706915347,-0.31863852800000003,-1.126134258
i,n,690,3.5337887886000003,-1.76833152,1.0974742653,2.7980706554,-0.801890082,-2.015582493
i,n,691,1.2939387268,0.0660296489,-0.020673569,0.069468316,0.3667456115,-0.409019142
i,n,692,1.2941363197,0.9842886451999999,0.5042814957,1.7513196904,0.9671617859999999,0.3079198273
i,n,693,-0.32116618199999997,0.094950616,0.2806626768,0.2976626549,-0.045264893,-0.705496762
i,n,694,-2.2823047880000003,0.31299473829999996,-0.234373466,-1.639087687,-0.202410197,-0.916732737
i,n,695,2.8359319764,-0.533407237,0.4878830074,1.3791423636000002,0.1473596067,-1.253326068
i,n,696,-5.28452023,2.4013359284,-1.5744682280000002,-3.815775243,0.9800307015999999,3.3986637377999998
i,n,697,1.6242668040000001,0.1313845699,1.0243277777,2.7658712212,0.2627789113,-0.593738266
i,n,698,-2.199826535,-0.8718507590000001,-2.135115667,-5.268135756,-0.761547,1.6061869803
i,n,699,-2.954569259,1.9999354848,0.1526005092,-1.168592338,0.9219596289,-1.5504671330000002
i,n,700,1.7125783306,-0.563851111,0.5722315805,1.6436826747,-0.17194825100000002,-0.5841621810000001
i,n,701,4.8872500302,0.0790840858,1.6975260464,4.72168483,0.8525308232,-1.838114619
i,n,702,-1.674911169,0.3376561288,0.1703311532,0.0015055070000000001,-0.15512310699999998,-0.016387379
i,n,703,0.6810069579000001,-1.031071505,-1.081817897,-1.632137138,-0.470208125,1.9729783190999999
i,n,704,2.207545606,-0.32978530699999997,-0.10377576300000001,0.6044605771,0.2551657952,0.6291525883
i,n,705,1.6413507133,-0.020981594,-0.637589148,-0.279265143,0.4616377896,1.9576579483
i,n,706,0.024907176,-1.516354711,-0.764146995,-2.145866977,-1.026244854,-0.450395389
i,n,707,0.925888011,0.1919323444,0.786390413,2.0641818605,0.1992897188,-0.406139364
i,n,708,0.2325717592,0.2234369289,0.0227930041,-0.7742565290000001,0.2704164648,-1.8074043030000002
i,n,709,-3.138395234,0.5910559228,-1.781118159,-4.840726908,0.12408568210000001,1.1814308208
i,n,710,-1.769985718,3.017463893,0.7577128306,1.7760211038999998,1.8213066172,0.7200257535
i,n,711,-4.632487656,1.7478287783000002,-1.398173649,-3.996911822,0.6063787138000001,1.7200516702000002
i,n,712,-1.965346368,1.3596336011,0.6523907512,1.0850663854,0.4907181781,-0.138883529
i,n,713,5.942668907000001,0.7575869275,2.4418794654,7.7085258873,1.4327561222,-0.172947607
i,n,714,3.6755219167,-0.40926079200000004,-1.2270064170000001,-1.523783937,0.7664458120000001,1.4638710617
i,n,715,-5.282872313,1.4337398781,-0.472928668,-2.0622323540000003,0.0087558245,1.0923717712
i,n,716,0.2931476328,-0.972786632,-0.703174581,-1.957750441,-0.541103818,-0.491975069
i,n,717,0.3827636164,0.7387020205,0.3219816449,0.8959309284,0.6084505286,-0.022707922000000002
i,n,718,1.2246050246,-0.337056641,0.1476924322,0.3740441138,-0.004689387,-0.667272323
i,n,719,1.9274993316999998,0.7698086257,-1.000087965,-0.401832973,1.2073351217000001,3.5276778975
i,n,720,-3.519210783,0.9573522906,-1.579836044,-4.135082026,0.2699926457,1.7769614628000001
i,n,721,-1.617248443,1.7007901111000001,0.2737788057,-0.213592685,0.9498263532,-0.9462777929999999
i,n,722,2.1248107141,-0.504002981,1.3862614559,3.1730680077999995,-0.180575735,-1.973500819
i,n,723,0.3142415048,-0.10138519800000001,0.2695348656,0.4049495449,-0.051706005,-0.7661938759999999
i,n,724,2.7739279974,-1.6391737990000002,0.5501761824,1.5130534519999999,-0.765693014,-1.347383341
i,n,725,4.1489703556,-1.038303732,0.8186121523000001,2.644456601,-0.031768816,-1.124147457
i,n,726,-0.708171984,1.6192826090999999,2.4667677915,4.5905617951,0.6503006445,-3.203839812
i,n,727,2.2195615935,-0.392190175,-0.35122102,-0.054041023,0.265156861,0.5826889425999999
i,n,728,1.8805770509,-0.656623805,0.0305186667,0.5102277288,-0.095299625,-0.12641092199999998
i,n,729,-1.096243276,0.4075090662,-0.524715905,-1.429937206,0.181749954,0.44307868640000003
i,n,730,-1.024898836,-1.4056581240000001,-1.7583455730000002,-3.655719229,-1.018867781,2.2699609069999998
i,n,731,-1.216381633,0.5380970293,0.40014375770000005,0.7028597231,0.059715995599999995,-0.022022447
i,n,732,-1.953241976,-0.296919506,-0.45322599,-2.100587771,-0.565878539,-0.909459462
i,n,733,1.2186095198,-0.564532444,-1.528837292,-2.915951699,0.1417042972,1.4683420244999998
i,n,734,-3.3553634160000003,1.6361146086000002,0.1726475127,-0.594160292,0.5034321541,-0.300324715
i,n,735,-3.576455335,0.6305955867,-0.654647083,-1.766715847,-0.21418387600000002,1.7300802592
i,n,736,1.9613723243,0.3936505596,-0.497996648,-0.223113905,0.8544816173,1.1959380434
i,n,737,0.3610908264,-1.0007971279999999,0.2871434263,0.44498328979999996,-0.76397699,-0.858512135
i,n,738,0.5936090156,0.40453699979999996,1.4169477905,3.1248559255,0.17296209920000002,-1.3905263419999998
i,n,739,1.40189791,-3.407329828,-1.840554878,-3.772227497,-2.016115657,1.0939739822
i,n,740,0.3110662643,0.0123069834,0.3971543147,0.7544232462,0.0086467836,-0.718499503
i,n,741,-1.462717015,0.6983365491,-0.105508546,-0.123160824,0.21950380940000003,1.1017607957
i,n,742,1.3918804363,0.09391367980000001,-0.028794577000000002,0.24041404600000002,0.4055236024,-0.065407934
i,n,743,5.8299998154,-3.044216268,-0.480344877,0.7206040273000001,-1.002502051,0.8262291251
i,n,744,-0.37793374,-0.5120092039999999,0.0187863757,-0.9310078890000001,-0.459010928,-1.8394386669999998
i,n,745,3.2468251722000003,0.46204687380000004,1.2023686787,3.3941615946,0.874151828,-1.0642884559999999
i,n,746,-3.6895324819999997,-0.41441977799999996,-2.7138023189999996,-6.310893784,-0.648763015,3.3308094894
i,n,747,0.6929221020999999,0.710418764,0.19542327980000002,0.9229184012,0.6730020163,0.5407422062
i,n,748,-1.8977392830000002,0.9537509947,-0.129147299,-1.236229167,0.3739924672,-0.80731022
i,n,749,-3.140115448,-0.48136376299999994,-1.332917916,-4.0086961830000005,-0.8206916059999999,0.4434605791
i,n,750,4.3438670065,-0.837832004,0.4051211053,1.6525801165,0.2662244753,-1.050634693
i,n,751,-3.017518046,2.7259334631,-0.868627261,-1.281766262,1.5977592246,3.6979915885000003
i,n,752,1.0787279348,0.4652243175,1.1166885062,3.1111913338,0.3710787143,-0.075607085
i,n,753,-2.004686034,0.36178923329999996,-1.161259194,-3.570233499,0.09206973619999999,-0.098524288
i,n,754,2.2631689665,-1.582828176,-0.711118666,-1.4247124430000002,-0.574493221,-0.41134123
i,n,755,2.4561109275,0.7927097497,1.018230831,3.2587186613999997,0.9716398154000001,0.0599244258
i,n,756,-2.626828192,0.0039542629,-1.076740689,-2.677228504,-0.39750134200000004,1.5754065181
i,n,757,3.2061688842000002,-2.020343735,-0.0032027329999999997,0.9608275145999999,-0.882319575,0.205400682
i,n,758,-2.292617807,-0.475969653,-0.8933158859999999,-3.0074705139999995,-0.703160769,-0.271307721
i,n,759,-1.652434245,0.4887680267,0.0212030211,-0.37889706799999995,0.0048823141,-0.006655904
i,n,760,-3.440458497,0.9460686944,-1.3964562530000002,-3.942728766,0.2521104869,1.1588095081
i,n,761,-1.547216572,-0.12491954,-0.9156932240000001,-2.42423215,-0.266400035,0.6778619634
i,n,762,3.5140365577,0.6567589415,0.8422180942,3.3330601172000005,1.1348971439,0.5908795561
i,n,763,-3.7968587439999997,1.1928469929,-0.133590504,-0.94846752,0.0894904321,0.7943286019
i,n,764,1.1590299701,-0.6348411420000001,0.2727102067,0.3597775089,-0.27113817100000004,-1.342813562
i,n,765,0.5041975747,1.1929638479,0.8023444381,1.9398576765,0.9022378051000001,-0.46460393200000005
i,n,766,3.2128173676999996,0.6459461287,1.0152893374,2.8303590045,1.059356771,-1.1973773559999998
i,n,767,-1.461730961,1.1773577113,0.9302546257,1.6249553902,0.41303473310000005,-0.7758541240000001
i,n,768,-3.181421266,0.3234383318,-1.18415662,-2.624759665,-0.26835456399999996,2.5557165856
i,n,769,-0.63012498,-1.512442095,-0.40178399600000003,-0.974188933,-1.276110986,0.3630031731
i,n,770,0.7164699625,1.9001495678,1.5203097686000002,2.7825030318,1.4059666508000002,-2.6050023980000003
i,n,771,1.7276948883,-0.264190743,0.6364788575,1.2251317095999998,0.08516513380000001,-1.7677426719999998
i,n,772,-1.4822519580000002,-0.414558514,-0.8642571029999999,-2.0709486669999997,-0.504691285,1.0757722101
i,n,773,-2.393661388,2.1125619646000002,0.1940536716,-0.35993535600000004,1.105557961,-0.39879156600000004
i,n,774,3.2590761757999998,0.4709593672,1.2952171209999999,3.7138803899,0.8593798852,-0.9080169859999999
i,n,775,-3.055651337,-0.9555824890000001,-1.860648338,-5.423697551,-1.0576058240000001,0.2709095339
i,n,776,-1.050170599,0.35748632979999995,-1.160502722,-1.852816155,0.2383637978,2.9151912869
i,n,777,-3.234273035,2.4295382021000003,0.1599655434,-0.9296512659999999,1.1854744731,-0.9305320859999999
i,n,778,-3.355592239,-0.359611019,0.22340883399999997,-0.9337256970000001,-1.08299699,-1.388577811
i,n,779,0.5190629393,0.9930562626,-0.262798109,-0.261071557,0.9607855584,0.6529678846
i,n,780,1.7682670219999999,0.6729318462999999,1.4811206782,4.3365906736,0.6089952367,0.15903350800000002
i,n,781,-0.5303036329999999,-2.073971098,-1.127481381,-2.81893009,-1.538229434,0.3462886689
i,n,782,1.2903934742,-0.629224507,-0.371184384,-0.318582171,-0.13609206699999998,0.6100391175
i,n,783,2.0484278738,-1.104931334,-0.90491053,-1.171924421,-0.236573332,1.270515418
i,n,784,3.1708795031,-1.060547965,0.15223241710000002,0.9062809407,-0.13591444,-0.649288156
i,n,785,0.2517763209,0.9875284639,-1.100781625,-1.3886036019999999,1.031309287,2.9188645473
i,n,786,0.7168908617,0.96949018,0.6991766303,2.7695599589,0.7457889619,1.6525213196000001
i,n,787,7.7987765876,-0.30730819600000003,2.046144821,6.119668773,1.1493312525,-2.3458871169999997
i,n,788,-2.9346125510000003,0.41564865380000005,-1.0587634,-2.748499385,-0.14131940199999998,1.5188345208
i,n,789,-3.116050347,1.0218580701,-0.354752725,-1.448598026,0.1651252976,0.5820553553
i,n,790,-3.885470793,1.5736136997,-0.587668518,-1.7721410690000001,0.4588216222,1.5830848258
i,n,791,1.9493885144999998,-0.7248542020000001,0.9400092517,1.7119167525999999,-0.284088509,-2.521785534
i,n,792,-4.178491414,-0.854269889,-1.242176438,-4.073223448999999,-1.378254998,0.3413283342
i,n,793,-1.197238746,-1.718945641,-1.8007044230000002,-3.9104702689999997,-1.295020501,2.0423023959
i,n,794,0.0088423015,-1.191466272,0.5695181275,0.1461784485,-1.0169150279999999,-2.793566621
i,n,795,0.6440876029,0.6486380954,0.23512414,1.0371781325,0.6020933506,0.5853244508
i,n,796,-1.933633432,1.6155418643000001,-0.883255548,-2.017994175,1.0098114203,1.6446519287
i,n,797,1.6667309269,-0.084347659,1.5578797938999998,2.9728642846,0.035852329599999996,-3.0283841060000003
i,n,798,0.1281687811,-1.883259947,0.39207828590000005,-0.054294805999999994,-1.513802981,-2.3696145090000003
i,n,799,0.6319749344,-0.361177989,1.4474730779,2.8176045142,-0.418965893,-2.247740524
i,n,800,-0.341155582,-1.419171014,0.0321920119,-0.867638809,-1.18063073,-1.8571792930000002
i,n,801,1.2436726356,0.0882841372,0.916385545,1.7761381129,0.1942662594,-1.8518201380000001
i,n,802,1.0162366114,0.7046208408,1.0820192274,3.6931332693,0.5230361337,1.3437199487
i,n,803,2.3692178573,0.29817129940000003,1.803813532,4.7127370495,0.40422813679999997,-1.111676464
i,n,804,1.9793991471,-0.506877183,-0.386515735,-0.47575625200000005,0.1387716285,0.0240049562
i,n,805,1.5064017230000002,0.49672898020000006,0.5402854900999999,1.3756646853,0.6429694852000001,-0.789698468
i,n,806,-5.8902504129999995,3.6690468547000004,-0.309769475,-1.81572219,1.6215681133000002,1.1862611334
i,n,807,1.4114162865,0.22512204170000003,1.6765608061000001,3.5558649147000003,0.181192532,-2.314531267
i,n,808,1.4591429541,-0.26073761100000004,0.9600247203,3.3440833595,-0.112556109,0.9874537137
i,n,809,-2.122965546,1.5627552163999998,-2.467344192,-5.642809821,1.2580376195999998,2.7126017579000004
i,n,810,-3.0055609339999996,-0.6601481770000001,-1.9920482430000002,-5.727064394,-0.780871744,0.339185315
i,n,811,0.2765649724,2.6171675975,0.3134553929,0.8342208602,2.0900833181,0.0697137037
i,n,812,-1.3190459909999999,0.1379592404,2.6186300552,3.6218621322000004,-0.6531544770000001,-5.765833388
i,n,813,-1.4404488819999999,-0.54119948,-0.550840303,-2.242377767,-0.619719073,-0.9615753690000001
i,n,814,1.1711744801000001,-1.007855542,0.7460468943999999,1.4412283462,-0.667261831,-1.6671171669999998
i,n,815,4.5096229885,-0.9336675990000001,0.0509905062,2.4029009098,0.2300264546,2.2638857477000003
i,n,816,-0.7066994329999999,0.2336530705,0.1312592108,0.7789498968,-0.035992479,1.274578624
i,n,817,-0.571905368,0.5771085043999999,0.33597837659999996,0.6738098553,0.25586154640000003,-0.070457782
i,n,818,0.2592467621,-1.895690607,-1.188315902,-1.9949766080000002,-1.236659681,1.9569652266
i,n,819,-1.753766239,1.239841851,0.7718193501,0.9254638041,0.4418092185,-1.212797323
i,n,820,0.2790461018,1.6310415400999998,-0.572019474,-0.589937236,1.4605011643999999,1.7803176099
i,n,821,0.9179093943000001,-0.313396159,-0.076303833,0.0396251226,-0.021417672000000002,-0.006657703
i,n,822,1.615024512,2.5444266308000003,1.1351995628,2.8388794841000005,2.1772301757,-0.87360484
i,n,823,1.6636206624,-0.313683131,0.2046365059,0.6929881715999999,0.0997585822,-0.54091196
i,n,824,2.6889946347,-2.282633557,0.7350611514000001,1.5166485140000001,-1.32054672,-2.315012191
i,n,825,-2.0090797240000002,0.3200037442,-0.7708153259999999,-1.779040079,-0.06860932,1.4948273897
i,n,826,-2.032850433,1.0784788129,-1.295905261,-2.7050963360000004,0.6310529164,2.4406382147
i,n,827,-1.541457615,1.2042634568000001,-0.6086125520000001,-1.6621874330000002,0.7308668981,0.6914317363
i,n,828,1.3114992508,-0.371252911,-0.498091961,-0.15314556599999998,0.0805772694,1.6246841728
i,n,829,-0.078117461,-0.46100824799999995,-0.294576005,-1.506580764,-0.285395429,-1.508474544
i,n,830,-1.467943649,-0.17384940100000001,-0.554172236,-1.68675414,-0.35875762299999997,0.2283696788
i,n,831,-1.136692,-1.135247165,-2.3263205680000003,-5.043913287,-0.7046942620000001,2.512916249
i,n,832,2.2087716093000003,0.4129453945,-0.027950777000000003,-0.383956869,0.8897966401999999,-1.744554465
i,n,833,1.3337438738,0.3740230168,0.20401757920000002,0.17530675129999998,0.5948837206,-1.382194016
i,n,834,-1.082362943,-0.683925259,-0.7105672270000001,-1.6556883869999999,-0.658640149,0.8887479943000001
i,n,835,2.2537183272,-0.8974913659999999,-0.300340759,-0.315879955,-0.123612026,-0.270784412
i,n,836,0.1170312139,1.5811968087000001,-0.173361757,-0.665889063,1.3439893466,-0.40332833799999995
i,n,837,1.9276898668,-0.21123717600000003,0.666488039,2.2362282366,0.12453314859999999,0.0395357391
i,n,838,-1.967080081,0.7620139120999999,-0.590442748,-1.960953476,0.2857228425,0.1756247628
i,n,839,4.7251579319,-2.851438271,0.0187537735,1.0678113079,-1.185056111,-0.5247843670000001
i,n,840,4.1754932983,0.32162647910000003,1.3524503697,4.3604423058999995,0.9260506696999999,-0.37004156200000005
i,n,841,-0.906328095,-0.269726607,-0.8039568640000001,-1.9358092980000001,-0.261176978,0.7463084571999999
i,n,842,0.2010840195,-0.21369442100000002,0.4746367183,1.195204263,-0.228186676,-0.18575903600000002
i,n,843,4.4139227256,-1.717721251,1.3661810196000002,3.8652394016000002,-0.6258953279999999,-1.705665281
i,n,844,4.0759319185,0.7842434111,2.0409262077,5.6506490486,1.1395505081,-1.295586992
i,n,845,-0.35676696399999996,-1.5101844969999998,-0.299869133,-0.34435601600000004,-1.248472242,0.9702851704000001
i,n,846,3.5463749704,-0.08732586199999999,0.06687565570000001,1.1345279485,0.7323204489,0.1371634982
i,n,847,-3.239496833,1.1917255787999999,-0.5857246779999999,-1.673461205,0.305500877,1.4185037018
i,n,848,-1.861462351,4.3821511407,0.4344934178,1.7390806686000002,2.9262849418,2.4874235433000003
i,n,849,-3.3735666369999997,1.3187385247,0.2908998149,-0.268524678,0.2171743523,-0.27133584899999996
i,n,850,-0.327833001,0.4281237058,0.003800688,0.3196814248,0.24708960579999997,0.8283350552
i,n,851,-2.9475785639999996,0.16744443609999998,0.40110402149999996,-0.620555679,-0.595000942,-1.864890861
i,n,852,4.6808573537000004,-0.848425724,0.2815348622,2.0466067402,0.33350449600000004,0.23418053949999998
i,n,853,-4.670849454,0.8966496426,-2.224723307,-5.734498837,0.0839203917,2.508269325
i,n,854,0.37594965189999996,-0.269622292,-1.026071566,-2.630330572,0.1073419981,-0.15603782
i,n,855,-2.731400873,0.3207037427,-0.288902608,-2.183387825,-0.273835798,-1.509053746
i,n,856,-2.441785171,-0.8034378790000001,-1.439323247,-3.8855722189999997,-0.9034669,0.8787801521999999
i,n,857,1.0780777094,-1.697210757,-0.7467927879999999,-2.64457047,-0.8923117509999999,-2.113125801
i,n,858,-3.0353866330000003,2.0260482584,1.2926631371,2.0694468148,0.6506585203999999,-0.922942823
i,n,859,-2.562003438,1.4937422975,-0.35904703600000004,-0.89408535,0.651539885,1.4828107264
i,n,860,4.3012587132,0.5181652215,1.1679466962,3.9608238069,1.1521191812,-0.26262219
i,n,861,4.4597287013999996,-3.068649476,0.3906700439,2.042095216,-1.508523244,-0.379180112
i,n,862,2.2877382943,-1.053261981,0.0730099501,0.6314922707,-0.323823876,-0.337620275
i,n,863,-2.801928976,1.5683570693,-0.954529217,-2.4456822419999997,0.7884588749,1.5908834786000001
i,n,864,1.8716599447,-1.06322325,1.1262554232,2.5232648362,-0.631979635,-1.8310291509999999
i,n,865,0.7218988381,-0.283560488,-0.070410305,0.3476741294,-0.060696624000000005,0.6939566842
i,n,866,-1.381941215,0.6588561328,-0.189559831,-1.152842433,0.2657243836,-0.6009712460000001
i,n,867,-1.1060561709999999,2.3807039953,0.0372873298,0.8783151615000001,1.5902372019,2.3154873645
i,n,868,-1.779757864,0.6089060197,-1.489128536,-4.33153996,0.4148545533,-0.019362754
i,n,869,-0.259721168,0.7141856381,0.18959488929999999,0.2195720026,0.4784578797,-0.375718823
i,n,870,6.8004988097000005,0.39314741270000003,1.336263005,4.8290581713,1.6016852177,-0.670618386
i,n,871,0.7204377082,-0.578001788,-0.325868644,-0.12899833300000002,-0.247654787,1.0535342451
i,n,872,-0.38229615100000003,0.37598668490000003,-0.39258359299999995,-0.379319326,0.26630583,1.5216855459999998
i,n,873,-1.794172444,1.4845612583,-0.049797247,-0.35190601,0.7734355713,0.5597906455
i,n,874,-0.544746181,1.0538230342000001,-0.638783714,-1.466256864,0.8468372020999999,0.7299003889
i,n,875,-0.35024961,-0.364209485,-1.346061105,-2.898425374,-0.099567468,1.3557100866
i,n,876,0.2800465588,2.2343092336000003,1.662495221,4.4810673032,1.4708782868999999,0.3578363527
i,n,877,2.7066648766,0.1115334875,1.7415210906,4.363594868,0.3601873699,-1.6804800780000002
i,n,878,-0.606313103,-0.949281794,-0.245631638,-1.383321496,-0.815818182,-1.275228188
i,n,879,1.2157881114,-0.305721876,0.1835998778,0.3168430411,0.0173224564,-0.96752413
i,n,880,0.0852953761,-0.277416396,-0.133693561,-0.646754045,-0.156483275,-0.675344277
i,n,881,-2.574249317,-0.786955938,-0.831644816,-3.02514695,-1.0261451320000001,-0.508656167
i,n,882,1.0412761053,-0.695446681,0.0841733984,-0.067816177,-0.30845173600000003,-1.162427633
i,n,883,0.6821303201000001,0.057142644699999995,-0.458773615,-0.8026004929999999,0.2974483505,0.44038293659999994
i,n,884,1.2099372305,2.1405422124,1.5420058028999999,4.3029798893,1.6431842565,0.1479064324
i,n,885,2.290523022,1.1779817738,0.1572132116,0.9373331693000001,1.4395588818,-0.018509195
i,n,886,-0.17819147899999999,0.6180019745,0.1567448617,0.19868195510000003,0.425689172,-0.292594452
i,n,887,3.5525651167000003,-0.710714208,1.2739096117,3.2719948335000004,0.0084056155,-1.923420195
i,n,888,-0.446738939,0.2625300407,0.45663963539999997,0.8338806055,0.014478668500000002,-0.465850339
i,n,889,-0.72527993,-0.139242739,0.1397767749,-0.192608007,-0.29313047,-0.7691060259999999
i,n,890,1.3853920031,1.4666040306,0.42754985240000004,1.4821933338,1.3962693735,0.1476768333
i,n,891,-0.065908249,3.0255213653,-0.752874708,-0.6647283820000001,2.5148444831,2.8494662117000003
i,n,892,-3.3808747980000002,3.0015795355000003,0.1839219944,0.0286198143,1.5591098050999999,1.0116745966
i,n,893,-0.061266447,1.4973558956,-0.11946664300000001,-0.658713121,1.2275932171,-0.5874748710000001
i,n,894,1.0444069962,-0.22074092399999998,0.4853464708,0.9824619236,-0.019309293,-1.110464583
i,n,895,-1.806937501,1.7193698103,-0.186337862,-0.9208363479999999,0.9996381419,0.14123545310000002
i,n,896,1.7715841118,0.2774946182,0.8658092184999999,2.6484014402000002,0.4374925415,-0.061674414000000004
i,n,897,-4.418745513999999,0.6288515953,-1.104065683,-4.275178985,-0.253992899,-0.584479725
i,n,898,-0.40958109,-0.383568819,0.5614871759000001,0.6076147761,-0.493499991,-1.542546768
i,n,899,0.5564277297,-2.305462873,-0.741405958,-2.007909645,-1.53742488,-0.61173522
i,n,900,-0.5381677189999999,0.7328875113,0.1583056133,-0.11570689099999999,0.4449535703,-0.7509278540000001
i,n,901,-2.3341400880000003,0.6214505254,-0.36366223,-0.77311375,0.0034411382,1.5821308419
i,n,902,2.4426095561000003,-0.863200434,-0.130184,0.023965683999999998,-0.08393420800000001,-0.571391847
i,n,903,-1.246766834,1.2071426940999999,0.056510379699999995,-0.51072036,0.6814412445,-0.625535313
i,n,904,0.5625041822,0.0191719848,1.6537710573,4.1196236578,-0.215197062,-0.619524392
i,n,905,-3.760793383,1.7817468772999998,0.534871077,-0.034675711,0.4572671331,-0.8559104259999999
i,n,906,-0.017059778,0.41584236909999994,1.0851804662,2.2552593512,0.1091012948,-1.0977868309999999
i,n,907,3.2153285525,-1.5357927969999998,0.1557249316,0.7355139739,-0.497648745,-1.069475306
i,n,908,0.2033003659,-1.009472113,0.2548552916,0.14324648539999998,-0.7915235979999999,-1.223611772
i,n,909,-1.398086129,1.2461323951999999,1.8418795140000002,3.1388654408999996,0.3174136389,-2.5334281219999997
i,n,910,0.3428411768,1.4151826046,0.6141590145,0.8043555895000001,1.1147255692,-1.691824189
i,n,911,-1.188009694,-0.7285278340000001,-0.30382027100000003,-0.72103681,-0.8066856729999999,0.6980444395000001
i,n,912,-1.97372142,-1.7897626309999999,-1.327187549,-4.156370513,-1.577449099,-0.570227006
i,n,913,5.7542590333,-0.847666829,1.8487544186000002,5.2205579212,0.2823542546,-2.12278452
i,n,914,-0.76335502,-0.485351084,0.3416552445,0.3809266149,-0.62771666,-0.667659526
i,n,915,-0.343046048,0.283552602,0.8550426031,2.0232351008,-0.041456656,-0.195489585
i,n,916,-0.45549515799999996,2.3655127984999997,0.407430287,0.9792158320000001,1.6937629590999999,0.22884358
i,n,917,3.4026151186,-0.678867109,0.43004722450000005,2.3021598201,0.1304357706,0.637807004
i,n,918,1.9761719297,-0.914243941,0.2481078154,1.2644279954000002,-0.336802445,0.19794085949999998
i,n,919,2.8325577718,-1.7969611719999998,0.5627205947,2.0430503195,-0.9045057590000001,-0.37120673299999996
i,n,920,-3.584000185,1.8296077119999998,-1.975495524,-4.959323223999999,1.0325938136,2.2744386979
i,n,921,-0.87272283,1.4894562372,0.3570296019,0.6287763304,0.9129204269,-0.061596002999999996
i,n,922,-1.185284814,1.9185420169999998,0.3851743418,0.5536762052,1.1810035218000001,-0.176212998
i,n,923,-1.057719397,-1.46281979,-1.232370237,-2.758105801,-1.1696542540000001,1.3347977062
i,n,924,1.1450067621,-0.163556504,0.6961228984000001,1.4386680808,0.007434657900000001,-1.341439761
i,n,925,-0.074090826,0.7852024107,0.5080033817,0.9494709868000001,0.5127936384,-0.659692397
i,n,926,-0.055834217,-1.072915792,-0.369768389,-1.2563093509999999,-0.774126964,-0.64970583
i,n,927,0.0748856376,1.5809604757,0.2450163669,0.9455683456,1.2131643038,0.6971471909999999
i,n,928,0.3009351614,0.18136390219999998,0.21939626489999997,0.1217055103,0.19014756559999998,-1.054861203
i,n,929,-1.645854139,2.6119569202,1.2013620373,2.1812345613999997,1.4620253331,-0.8881567779999999
i,n,930,4.0370318256,-1.325221143,1.2124268569,3.3463395254000003,-0.362787596,-1.73402301
i,n,931,2.3133045272999997,-1.005948248,0.6035824709000001,1.2370971953,-0.363181342,-1.9169507780000001
i,n,932,-3.610944158,0.98815148,-0.9290156279999999,-3.0780272760000003,0.1548160724,0.542984469
i,n,933,-4.048369785,-0.6438089610000001,-1.432880533,-5.2585683880000005,-1.101538145,-1.124802557
i,n,934,1.1881260604000001,-1.311724057,-0.30369432,0.3150706013,-0.7447171890000001,1.5567625442
i,n,935,0.27549979550000003,-0.115913781,1.0273932639,2.7088776468,-0.26121689,-0.049420088
i,n,936,1.061992169,-0.936059862,-0.978466251,-1.530088805,-0.316862409,1.4451665462999999
i,n,937,1.2242825392,-1.157779629,-0.6305223560000001,-0.609274711,-0.534747486,1.3884203401
i,n,938,0.766837709,-0.43349370200000004,-0.32628073,-0.35619412799999994,-0.10970596,0.5769412563
i,n,939,0.33708005840000005,0.19042597079999998,-1.565573774,-2.3334182230000002,0.5070730435,3.3530089235000005
i,n,940,1.804269654,-1.663204046,0.0451262493,-0.112325001,-0.891158028,-1.499848586
i,n,941,-1.482811219,0.4441238729,0.0349842894,-0.045334603,-0.007006608,0.5118887271
i,n,942,5.9449463799,-0.345657444,1.08917001,5.610612047,0.7896269964,2.625335287
i,n,943,2.9407808642,-0.823673925,1.2973934565,3.3049059679000004,-0.234992767,-1.6733946380000002
i,n,944,0.881588975,0.2982699571,0.7826439531999999,1.3728560677000001,0.3072708754,-1.769006861
i,n,945,-0.340004676,-0.450997854,-0.32300529899999997,-0.29338623399999997,-0.396628139,1.2551744573999999
i,n,946,1.7686916824,2.7578836675,0.6805143185,3.0075191532999996,2.4239512126,1.8103462281
i,n,947,-4.268528956,1.0591638351000001,-1.9913576380000002,-4.907878088,0.24832011969999998,2.7661853985000002
i,n,948,-3.7729705589999996,1.4867274691999999,-0.309196643,-0.741058195,0.33854699950000006,2.1531254257
i,n,949,-2.6276624269999997,1.2794253576999999,1.4949903250999999,2.2216069304,0.12427008099999999,-1.93886293
i,n,950,0.4809424169,-3.5206537360000003,-0.9745183479999999,-2.618638384,-2.475278802,-0.664423842
i,n,951,6.1729855230999995,-1.118590072,-1.03149412,0.9625057076000001,0.6672125762,4.1811482314
i,n,952,4.8014823312,-1.0368664459999999,-0.17606227800000002,0.9814659464,0.3101384392,0.40485266649999996
i,n,953,0.3196047327,0.7290844437999999,0.4525726261,1.429419319,0.5463308428,0.4081534469
i,n,954,-4.746288288,0.2730130786,0.1299892551,-1.0335621190000002,-0.9009143690000001,-0.34425303799999996
i,n,955,0.4508069384,-0.27917428899999996,0.276595613,0.9118047797,-0.18587464199999998,0.1504296744
i,n,956,-0.263547337,0.7352341042,1.9311071807,3.7493149629,0.14624480880000001,-2.373322395
i,n,957,-2.76891262,-0.714684352,-1.4366001309999998,-4.20198554,-0.897142165,0.39164222670000004
i,n,958,-0.009000066,0.5625970711,-0.87501797,-1.267521305,0.5987189051,2.0791349408
i,n,959,2.7007934793,-1.273922225,-0.920393584,-0.883548805,-0.225263829,1.5957823056
i,n,960,3.157689377,-1.73371239,0.9550962129999999,2.812710286,-0.8519002379999999,-1.037307093
i,n,961,-2.306854958,2.1274473165,-0.38329149700000004,-0.9366768409999999,1.2254696847,1.4331145190999999
i,n,962,0.3699632714,-0.675133683,-0.081326374,-0.529416314,-0.416524601,-0.88397696
i,n,963,1.1088031878,-1.1753140990000002,0.0298019817,-0.331405273,-0.65787585,-1.4783155730000002
i,n,964,1.78385619,-0.829712187,0.416190189,1.371617811,-0.338337491,-0.368006671
i,n,965,4.8727000408,1.8578077245,1.8028785938,6.7054705599,2.1665574343,1.7769140761000002
i,n,966,-0.088005371,0.0874552486,-0.7927485190000001,-1.4349148980000002,0.198774929,1.3125799168999999
i,n,967,-4.663483072,1.3240093365999999,-1.517413104,-4.033789934,0.2735572906,2.2644936281
i,n,968,2.2117998325,1.0244930906,1.6782307498,4.1383938159,0.9877826706999999,-1.4938688469999999
i,n,969,0.1240195995,-0.191311912,-0.032717526000000004,-0.056305596,-0.11687760900000001,-0.017756411
i,n,970,-6.243033707,-0.338348163,-1.5634160830000001,-6.092148518999999,-1.3380259159999999,-0.9908301429999999
i,n,971,-1.314620779,-0.40192442700000003,-0.18731666600000002,-1.025104498,-0.573379044,-0.453590005
i,n,972,-0.047617627,2.0705872748,0.9575398214,2.5316108388,1.4260004444999999,0.262199209
i,n,973,-3.107578043,0.7661551832,-2.542730997,-6.198854902999999,0.4150718513,2.4307111863
i,n,974,-1.245006686,0.4559375611,-0.297418893,-0.6318216320000001,0.12261319039999999,0.9506315135
i,n,975,-3.036212228,-0.697059428,-1.287866157,-3.9562502989999997,-0.9751810740000001,0.24530607370000002
i,n,976,1.5942736975,1.1182325783,1.0729977566,3.0045791941,1.0289469615,-0.285717461
i,n,977,-0.74392128,-1.715666009,-1.30817062,-3.176184034,-1.267752122,0.7045795776999999
i,n,978,0.4283423353,0.9409851043,1.7774254669999998,3.8940835911000002,0.48820689759999997,-1.6070384519999998
i,n,979,-7.016972777,2.2150027731,-1.0135124629999999,-3.898930211,0.3555419745,1.1396837895
i,n,980,2.9846617363,0.7508390914,0.7596930947,2.5976729497999997,1.1251193339,-0.197010407
i,n,981,3.5676158332999997,-1.3763908619999998,2.5389966417,5.4367447557,-0.754457692,-4.242547528
i,n,982,0.7637227961,-1.3972002330000002,-0.336602061,-0.578504217,-0.8701277590000001,0.1180513088
i,n,983,-6.2273243879999995,1.1195673798999999,-2.60481456,-7.654386402999999,0.0145993935,1.4102528484999999
i,n,984,0.1084610574,-1.322827763,0.9803869984,1.3605426487,-1.198300849,-2.545601355
i,n,985,-0.312340507,-0.5000271070000001,0.1711533783,0.19971260300000002,-0.503452816,-0.368546207
i,n,986,-1.952746167,1.7644158047,-0.058749284000000006,-0.181158585,0.9515326870999999,1.0550554964
i,n,987,-0.014913467,2.5736888403,1.2160179724,3.6989720882,1.7540489491999998,1.2946647237
i,n,988,0.738011972,0.8576724812000001,1.6878711222,3.2378766419,0.5376765451,-2.638085581
i,n,989,-0.627823686,1.7895123241,0.19165508899999997,-0.006237426,1.2602331161,-0.59081667
i,n,990,-2.415634076,-1.027585623,0.042163778799999996,-1.1195161759999999,-1.361284273,-1.3343981409999999
i,n,991,0.99955437,1.0076505390000001,0.3737579103,1.4526091091,0.941857343,0.5408492674000001
i,n,992,0.9007303626000001,0.4564846179,-0.716280481,-0.775121319,0.6953848201,1.7715082087
i,n,993,0.7235771896,-1.4842756959999999,-1.215949786,-3.12639337,-0.7369831809999999,-0.420406724
i,n,994,0.0286406115,-0.662905744,-0.496585086,-0.990058859,-0.42518345700000004,0.5474680303
i,n,995,-2.9192034330000003,2.8965478998000003,-1.097485061,-2.3316045030000003,1.8322195366,2.7242686933
i,n,996,0.8548946463,-1.510592599,0.2569464974,-0.058649396,-1.024469076,-2.0133824319999998
i,n,997,2.2887347243000002,-0.176662218,-0.004938135,1.2132372264,0.3580963719,1.3179235909
i,n,998,0.8991704276000001,-2.9433144110000002,-1.6823819569999998,-3.582431417,-1.792441914,0.9325836107
i,n,999,-0.842685488,0.4688127698,0.5549556370000001,0.5039341412,0.0889873107,-1.4434582440000001
i,n,1000,-2.428070056,0.4919746688,0.10171608300000001,0.0544658704,-0.210539387,0.8512196689
