<project heartbeat-interval="1" luaroot="@ESP_PROJECT_OUTPUT@/luaroot" name="counter" pubsub="auto" threads="1">
  <description><![CDATA[Show examples of how to use the source window and the counter window. This ESP project demonstrates several source connectors and uses the counter window to generate information on message throughput.]]></description>
  <metadata>
    <meta id="layout">{"cq1":{"Counter_CSV":{"x":50,"y":175},"Counter_timed":{"x":470,"y":175},"Counter_video":{"x":260,"y":175},"Source_CSV":{"x":50,"y":50},"Source_timed":{"x":470,"y":50},"Source_video":{"x":260,"y":50}}}</meta>
    <meta id="studioUploadedBy">anonymous</meta>
    <meta id="studioUploaded">1757427816657</meta>
    <meta id="studioModifiedBy">anonymous</meta>
    <meta id="studioModified">1757428046142</meta>
    <meta id="studioTags">Example</meta>
  </metadata>
  <properties>
    <property name="ESP_PROJECT_HOME"><![CDATA[/data/packages/source2/0.1/home]]></property>
  </properties>
  <contqueries>
    <contquery name="cq1">
      <windows>
        <window-source autogen-key="true" index="pi_EMPTY" insert-only="true" name="Source_timed">
          <description><![CDATA[Show an example of the timer connector injecting events at an interval.]]></description>
          <schema>
            <fields>
              <field key="true" name="id" type="int64"/>
              <field name="time" type="stamp"/>
              <field name="label" type="string"/>
            </fields>
          </schema>
          <connectors>
            <connector class="timer" name="timer_connector">
              <properties>
                <property name="type"><![CDATA[pub]]></property>
                <property name="basetime"><![CDATA[2020-06-08 00:56:00]]></property>
                <property name="interval"><![CDATA[60]]></property>
                <property name="unit"><![CDATA[second]]></property>
                <property name="label"><![CDATA[minutely]]></property>
              </properties>
            </connector>
          </connectors>
        </window-source>
        <window-source index="pi_EMPTY" insert-only="true" name="Source_video">
          <description><![CDATA[This is where video frames enter the project.]]></description>
          <schema>
            <fields>
              <field key="true" name="id" type="int64"/>
              <field name="image" type="blob"/>
            </fields>
          </schema>
          <connectors>
            <connector class="videocap" name="video_publisher">
              <properties>
                <property name="type"><![CDATA[pub]]></property>
                <property name="inputrate"><![CDATA[10]]></property>
                <property name="repeatcount"><![CDATA[999]]></property>
                <property name="resize_x"><![CDATA[1280]]></property>
                <property name="resize_y"><![CDATA[720]]></property>
                <property name="blocksize"><![CDATA[1]]></property>
                <property name="filename"><![CDATA[@ESP_PROJECT_HOME@/test_files/intersection.mp4]]></property>
                <property name="publishformat"><![CDATA[wide]]></property>
              </properties>
            </connector>
          </connectors>
        </window-source>
        <window-source autogen-key="true" index="pi_EMPTY" insert-only="true" name="Source_CSV">
          <description><![CDATA[Show various examples of the File/Socket Connector]]></description>
          <schema>
            <fields>
              <field key="true" name="key" type="int64"/>
              <field name="dt" type="date"/>
              <field name="long" type="double"/>
              <field name="lat" type="double"/>
            </fields>
          </schema>
          <connectors>
            <connector class="fs" name="iss_input" active="false">
              <properties>
                <property name="type"><![CDATA[pub]]></property>
                <property name="dateformat"><![CDATA[%m/%d/%Y:%H:%M:%S]]></property>
                <property name="fsname"><![CDATA[@ESP_PROJECT_HOME@/files/iss_input_with_key_field.csv]]></property>
                <property name="fstype"><![CDATA[csv]]></property>
              </properties>
            </connector>
            <connector class="fs" name="iss_input_repeat">
              <properties>
                <property name="type"><![CDATA[pub]]></property>
                <property name="dateformat"><![CDATA[%m/%d/%Y:%H:%M:%S]]></property>
                <property name="repeatcount"><![CDATA[100]]></property>
                <property name="fsname"><![CDATA[@ESP_PROJECT_HOME@/files/iss_input_with_key_field.csv]]></property>
                <property name="fstype"><![CDATA[csv]]></property>
              </properties>
            </connector>
            <connector class="fs" name="iss_input_rate" active="false">
              <properties>
                <property name="type"><![CDATA[pub]]></property>
                <property name="dateformat"><![CDATA[%m/%d/%Y:%H:%M:%S]]></property>
                <property name="rate"><![CDATA[1]]></property>
                <property name="repeatcount"><![CDATA[100]]></property>
                <property name="fsname"><![CDATA[@ESP_PROJECT_HOME@/files/iss_input_with_key_field.csv]]></property>
                <property name="fstype"><![CDATA[csv]]></property>
              </properties>
            </connector>
            <connector class="mqtt" name="MQTToutput" connection-name="ISSdata" active="false">
              <properties>
                <property name="type"><![CDATA[sub]]></property>
                <property name="mqttport"><![CDATA[1883]]></property>
                <property name="snapshot"><![CDATA[false]]></property>
                <property name="mqtthost"><![CDATA[test.mosquitto.org]]></property>
                <property name="mqtttopic"><![CDATA[ExampleforESP]]></property>
                <property name="mqttqos"><![CDATA[0]]></property>
                <property name="mqttmsgtype"><![CDATA[json]]></property>
              </properties>
            </connector>
          </connectors>
        </window-source>
        <window-counter index="pi_EMPTY" name="Counter_CSV"/>
        <window-counter index="pi_EMPTY" name="Counter_video"/>
        <window-counter index="pi_EMPTY" name="Counter_timed"/>
      </windows>
      <edges>
        <edge source="Source_CSV" target="Counter_CSV"/>
        <edge source="Source_video" target="Counter_video"/>
        <edge source="Source_timed" target="Counter_timed"/>
      </edges>
    </contquery>
  </contqueries>
</project>